,Product URL,Image URL,Freeship,Product ID,Name,Price,Discount Percentage,Rating,Reviews,Badge Under Price,Paid by Installments,Free Gifts
0,https://tka.tiki.vn/pixel?data=djAwMVhq8PepeOcotCJX8_dLIh8w_zI5WfNPPhS3tAR-FVvP2VngrsFESkbp0D7_zPoqlSfA_u1ZQA1cZcuAuK74qMP5pYUqpnc6oaedY5p5txgysm8WbfhfoNEyEidMhaGHaRPlWh15CtQ5wPd2lxeQwU-EdWCLUsvJw6_j4ePxdOwAYCOvIaWJ07U5EonhxkjyS_ghlEXj-r66zqqnCLIAcwaGy6nMD-O8mxV48ma7EKdaTZA0K4uNXiep5Yv8a5JY4ZHSaNPFkgFvH49Zbm3-rzryytHrJLq5zYFTuoMp9_oBZ6Jq71J5HzhazoDEUWRxOuNLTpuYI7uKFyiDG4fLZcLPhMGZH6oWrTCFkoyYqHrz5XTuxZ1jrFUXaadHWEXXx6re9J9gpaaN7tj2EhwnxO3bw9vR-UFhvHwizkazseN9sYhX84MSqreX2jyNhTvVcRnwUz60FhubJ7unwEB7WsBiRJt8GuW1EkVclRAkMRdulfYQaWUo5yicptD0G5JnZO7Xnv5VK4r3Z_wkbF9Gj2LQn4-9uZz1vlPc5tn3-DMkxyMX-zS0Ril2f3dY17ib6ywwR_E_U0iiTsytPuz72a56yF5DhQ2umKuISZzfi_ipEHxH8J945dEwGbTtKjd6Woms5Oi6DkrvJuNWLTVqWM9oHhsz9d1Mj4xmi8ZK8MvAk2vd5_XEJu2OCCvwMqdLvmedLhhvNfCt1u0AeMFor2Qy5hS9TmDQRg6n0ed171Y9x4DcPtUBnnybZL6Dj91M8QuzoA1Q-SvQxdtk1XFzyiyCTYbTA0Ds8F28_xbQ7aWVpeZYTJA0eKobLQxFC83DU7XxLpw6LIfuBdnUYalojw2QRVGmLGWBIIOgdxHodyFvW68bDo9z1M_abh0O0D755DAHkk-PU_RR7hAXIXM0wNfhXE_I_nA3oEb4NNGCRqFuKB1BKZHsOvpQskw5y-f_MMeDq5t7o8dvMrMu4gDd_OAQqQ3-hSdZwNCgd412JoeGTTyJ4aM3E7kFlpr8RtyHDyxzV2FQgsEJzy6bxCmz4Z6u46FidY_ms35BJqKT0Q&CLICK&reqid=1aR0T9ssPF&pos=1&redirect=https%3A%2F%2Ftiki.vn%2Fmay-tinh-bang-vankyo-matrixpad-s20-hang-chinh-hang-p72042076.html%3Fspid%3D72042077%26src%3Dss-ads,https://salt.tikicdn.com/cache/280x280/ts/product/83/1d/47/b6ee30f0007f9d8813b8abaa0f101dd8.jpg,No,72042076,Máy tính bảng Vankyo MatrixPad S20 - Hàng Chính Hãng,3490000,34,92,5,No,No,No
1,https://tiki.vn/dien-thoai-oppo-a12-3gb-32gb-hang-chinh-hang-xanh-duong-p53827214.html?src=ss-organic,https://salt.tikicdn.com/cache/280x280/ts/product/aa/f2/95/c0c73883ea383b2eedbeda927ab615dd.jpg,No,53827214,Điện Thoại Oppo A12 (3GB/32GB) - Hàng Chính Hãng,2550000,15,94,164,No,No,No
2,https://tiki.vn/dien-thoai-vsmart-live-4-hang-chinh-hang-p63839533.html?src=ss-organic,https://salt.tikicdn.com/cache/280x280/ts/product/cd/92/da/3360d9dcb541dd5d2aaa59ae0ad6b1c5.jpg,No,63839533,Điện Thoại Vsmart Live 4 (6GB/64GB) - Hàng Chính Hãng,3390000,29,94,858,Yes,No,No
3,https://tiki.vn/dien-thoai-realme-c11-2gb-32gb-hang-chinh-hang-p58065346.html?src=ss-organic,https://salt.tikicdn.com/cache/280x280/ts/product/c5/a1/cd/b9f3e343440b02c54f95a9034990e0d5.jpg,No,58065346,Điện Thoại Realme C11 (2GB/32GB) - Hàng Chính Hãng,2190000,19,96,82,No,No,No
4,https://tka.tiki.vn/pixel?data=djAwMXn93UJ06TV1ioaRg9H81EksSPIn54e0RJc8VABHmepOvahPSx7QqMUJauc9sMRAYyRucWExhpQrgTc6phNeXsmRnP3VJO-u6B-EJb7lD2OxDMK0ssprkJqUxAl8EohUdwERaLRz9BCNh42yI7K-yhU9TBFLhrxEKiXerWlN7kjBUN9cKovXlOSLkNxcS30dKGCelPcE9xWgpUU_R0yz1AOebEKnyQiW-O5cJYpmm6puKdYC7pUPwT9mdIET67Z5eWAqQWmPXvYoMtLZ7am8kPl8OjOrGeIhnTkfUpTtuYcUEG_xDu3Mn0U2mfVRWpZDrDwMvz8fak5LBbgroJcKZdgBSKTiP2Ii3u9WbQuAFgNgK9r2AF01et8nT3lzuX9FmT6NC0ioh_huMg2nyiSww6odEIw_554ZatH-Hqo-FI-B1bU7CkE5MLUVc_jrFayYCnjyB8qDbi8OiksKIVKXG4a4WqccTB9KCyxG4koxqtcrOfQAnyBKYPMtxxBDPXMo5Q7JfMEjpzaSOgGJUoBijyYJrAMoMuG3z_K4BQKi0SqMPiZYNwX9ll6N-SV04FJHe19T1FZr65AJSwEK-m1lLuE8Ix62HyYbWnMl0L7pBXKxsu-VqF_-ntzGFbPaS3BDM1F50LTLqbY__aK1chD-DmwUesyW_Wvtx_QiOANgIbT7lt4taKYnH5-_-zcwiBDJOZrYQzwO27GdPSd0Ik4JQm_LTpiBXKmFbwkKcXvlTFHwB-QnB4pyXuddZLPdyI3QUOnchigko1Z_GydPWgEOatz19ftARXcR1m40M5BZyuQSqarW42AssdoDrOinJWjhq9A4jjnsA5ThL6r2KKp5seveBkXqDM5MsquaVLb_o6hflMX6utvhQD6xr4v-EqwunlC_8OpJhjjj-ooq0aPiSJjhznjU-yvn2kGlQHEGi2GXbadsZSw1jpRcF9EnCzAeU5BqD9OnJKPO6oLRL07NRE9wmz_nuEQOpe8gTT29dKR0OX9uPun7LWTdwJ5ni6YrOPmfrcYXmqUSu6ib374ymGaXQveag38Nyhs&CLICK&reqid=1aR0T9ssPF&pos=5&redirect=https%3A%2F%2Ftiki.vn%2Fmay-doc-sach-all-new-kindle-ban-dac-biet-8gb-hang-nhap-khau-p66773643.html%3Fspid%3D66773647%26src%3Dss-ads,https://salt.tikicdn.com/cache/280x280/ts/product/8b/d5/ff/8b8ab913d1f347396e5bfcb0fc336b74.jpg,No,66773643,Máy đọc sách All New Kindle Bản đặc biệt 8GB - Hàng nhập khẩu,2332000,27,90,13,Yes,No,No
5,https://tiki.vn/dien-thoai-iphone-12-pro-max-128gb-hang-chinh-hang-p70771651.html?src=ss-organic,https://salt.tikicdn.com/ts/upload/f3/74/46/f4c52053d220e94a047410420eaf9faf.png,Yes,70771651,Điện Thoại iPhone 12 Pro Max 128GB - Hàng Chính Hãng,29990000,12,100,419,No,Yes,No
6,https://tiki.vn/dien-thoai-samsung-galaxy-a51-128gb-6gb-hang-chinh-hang-p45339109.html?src=ss-organic,https://salt.tikicdn.com/cache/280x280/ts/product/3c/63/c6/945022e908a056d35e7ac76be6f6d23f.jpg,No,45339109,Điện Thoại Samsung Galaxy A51 (6GB/128GB) - Hàng Chính Hãng,5950000,26,92,226,No,Yes,No
7,https://tiki.vn/dien-thoai-xiaomi-redmi-9a-2gb-32gb-hang-chinh-hang-p57809866.html?src=ss-organic,https://salt.tikicdn.com/cache/280x280/ts/product/0c/cd/34/0b6abf38aaba0a3507c7c2610a15dc9f.jpg,No,57809866,Điện thoại Xiaomi Redmi 9A (2GB/32GB) - Hàng chính hãng,1950000,2,0,0,No,No,No
8,https://tka.tiki.vn/pixel?data=djAwMUQz0IXMtZfGp0yVFGXgc6s2zSBo31PGcqx0JoZ-OQLYv2ImddFyCV0hEA6nwaxPZuWZVa2okA_MgKtURpz-OavmI0pNPYlhxL_An2B8T26nVaGqr8JF_9wgmAu693Y32WOTMc4sVJGtIgrTIoJFHOZr6GmXzFoypKiZ1IQWkkILllku5Qx24-cDNTkkX42jrw6t_RFNvo0Wy2K93JpHjg_kAeU2cMwW4Q_1c39GPXwO8j-31m8Pr6PdgUDI5ys1BFPvLLMQcdUfoICom-C8sOyL4FiLmK4ELG5Gp-qN95PSApmErgUXwkd7uDjFH3dPm3Stq_5ZJVGqln-JP52Ik667mnn5YjcVDZMnV6xKs8tHYChmD44aTCRQSlpd7mz0948xHC7BmbKLaSBvchuP_35SV-3KJcSWOSz7fvbdNCD8jdf3CTniQsMzFWRvotBqfoIG9eemIb2llzP_FZ-2AztN7zTeqRuSzlP9G-0j4Qe8_ty5QkS5sabPD1NhEak8Dtvf6m9EcRmUKV1mcsv8ZbuZdxNkmwnzIx_Fc_dMUCeEGZZI-G4FGYi481j0IvaFuFDmHvksegu2uwL4GISkRzAGnkGOhkxqcn4Qt1evo2QC1D0QzLG171ESUjaFfr1Xw1jPZEo95So7qKf2zKbt8cnDhUA8yYVTnKneEk_3iwD741tdOnI8bzON_V2XnhVSyvYDKP7aOKR5U3btVTpqHiYg-fxFM9NbxEDS1vcFpVqVxWQkcW3ZMF0orc_HDL-L51YAxxDtygGZhB_jrQFJV2oQtQezuZ0XsCASFCMVm94lOcS2ge5w3t1xpkUszCf1b3kc8RNb11cJWaSl_bTG5755L3ybbJjWjMO7TSPS4fd50lpwvLT3rbjV4HVloSIomW8fG8SZTTKVnxdHqnYBvtNykS8PFR_3VJlLtZTrlJWFMPPkBc4yTamM0RUVS0KNYG7yY-yl196d-PGJ0NonLEKRBMLPjpldsxE9gz42iwsc-YyktbVrd3MmfxgBY-YEL720XaNz&CLICK&reqid=1aR0T9ssPF&pos=9&redirect=https%3A%2F%2Ftiki.vn%2Fmay-doc-sach-kindle-oasis-3-2019-amazon-hang-nhap-khau-p43924153.html%3Fspid%3D48944095%26src%3Dss-ads,https://salt.tikicdn.com/cache/280x280/ts/product/19/d8/84/c17e246b1e3c9d5d9ffdb0e31514f9be.jpg,No,43924153,Máy đọc sách Kindle Oasis 3 (2019) - Amazon - Hàng nhập khẩu,7580000,16,92,16,Yes,Yes,No
9,https://tiki.vn/dien-thoai-samsung-galaxy-m31-6gb-128gb-hang-chinh-hang-p58259141.html?src=ss-organic,https://salt.tikicdn.com/cache/280x280/ts/product/50/86/f1/8c08d595e64661d3d0d9438ca2194de3.jpg,No,58259141,Điện Thoại Samsung Galaxy M31 (6GB/128GB) - Hàng Chính Hãng,4790000,26,94,1591,Yes,Yes,No
10,https://tiki.vn/dien-thoai-xiaomi-poco-m3-hang-chinh-hang-p74240829.html?src=ss-organic,https://salt.tikicdn.com/cache/280x280/ts/product/16/a0/81/3683e22e52b8a6593a347578eb599ecc.JPG,No,74240829,Điện thoại Xiaomi POCO M3 - HÀNG CHÍNH HÃNG,3209000,20,100,15,No,Yes,No
11,https://tiki.vn/dien-thoai-samsung-galaxy-a10s-32gb-2gb-hang-chinh-hang-p25918805.html?src=ss-organic,https://salt.tikicdn.com/cache/280x280/ts/product/e3/a5/b4/e4bbe8c4dc2d9199d29d15c577daf0ea.jpg,No,25918805,Điện Thoại Samsung Galaxy A10s (2GB/32GB) - Hàng Chính Hãng,2390000,35,94,282,No,No,No
12,https://tka.tiki.vn/pixel?data=djAwMUMluS41g4mvrNXAUgTVxB0ukBaSLvJf8jSgVT67EYSPiiA1JnUpHAecS38TShgBFFYUiJQwRLScpu4BqJXS7lNpG9_mATN35MjJynhN36-1G1i-me39DBBefme8-wYyGcxfWukORyxY7B6D84GHjLXYfNujd6FRNRKRJP7l79MWdCkHdz58d3I3G2-0rNEwVl3hBffkmTN48C_OpZMxu8R04Dgm-p4fZwcyIiGxbs0RbCyfp6enxbB5kl6-lV0hLrpFl9YrYnmjZ2opn3xAtRGuoAbYraGt3zyY0y_tcFYS0LYilwmT4Smr4JbkU8GhOmzfJeSB0mtVzlRgGdUGKGuj21noNdE5F_3gumBcRteTQoV-DvDkETMeiC4EkOuZCJQjNsncDM-cKPnvuPqtYaLUsscIfkxMcRg5q3-I84tfHoO71pzCIGsfjIdtfcuaaZbZBzrVM-qY-QcBtPdv6rjQVm_e6_wzzg511lAqJMRC-MMpeWK8R5Wqzte0_SlQSGHYD5-2s3_0XTxMshWSwJaRElhvI5-7bD7Co66Yzk0IbROW3XLQRxhu2A_-kM10wgRYeMfDZbXYURBfG3GrEmGGn61f4VzkQUiMmJbZ5VHcJgyLeCmkg-hFk78mpn0DbKgOu-UyYjqdzISySY2SKlRiG-Eejjnk5_33VO3h8zpP5Vaksf0Q02RoktEQFyhVpZPP2ou0ogs9BY-RA6PVJsfTQMLMkr7OnOmnKDGCJtQOXJ_25ISyZlkzhqOvNQEt5AAtQ5f0hv4nB7om3C17_2zVnlnyspcIeJbYF4hITsrJRWzIbWJEPQg9YqXFwrSccCy55beLrr6r6G5vMraEVGB43AVU8zP0p81VNZmiutNwdUohAq-nvGbJf4z7FEpz5EoVzRnpmOerAObCQAZ_JIPHcQBYMv8Vn6oW3dKuX6TxtSohwYcv_Fft5Ijf1pZAd8xIx3_hJXcDrthsUaxyc4G67v1CKzHvosahriTImtD1EYjzK6g-UNJLiMz4eFbpRynJ18WGCw&CLICK&reqid=1aR0T9ssPF&pos=13&redirect=https%3A%2F%2Ftiki.vn%2Fmay-doc-sach-kindle-for-kids-201-p54802325.html%3Fspid%3D67082205%26src%3Dss-ads,https://salt.tikicdn.com/cache/280x280/ts/product/ed/f0/4f/266ee1ab8a85b2309c774199a9009652.JPG,No,54802325,Máy đọc sách Kindle for kids - 2019,2650000,12,0,0,No,No,No
13,https://tiki.vn/dien-thoai-vsmart-joy-4-hang-chinh-hang-p67910637.html?src=ss-organic,https://salt.tikicdn.com/cache/280x280/ts/product/52/db/ed/250ed1f223e0711ac9f3ea93ade7074d.jpg,No,67910637,Điện Thoại Vsmart Joy 4 - Hàng Chính Hãng,2590000,21,94,1351,No,No,No
14,https://tiki.vn/dien-thoai-iphone-11-64gb-hang-chinh-hang-p32033717.html?src=ss-organic,https://salt.tikicdn.com/cache/280x280/ts/product/0c/62/39/31879ad1c9cf92b35e58749268ba4ff7.jpg,No,32033717,Điện Thoại iPhone 11 64GB  - Hàng  Chính Hãng,16290000,29,96,592,No,Yes,No
15,https://tiki.vn/dien-thoai-samsung-galaxy-s20-fe-hang-chinh-hang-p68693081.html?src=ss-organic,https://salt.tikicdn.com/cache/280x280/ts/product/14/8b/ba/29bd9f2e0707fc37cdb58d339ae81c90.jpg,No,68693081,Điện Thoại Samsung Galaxy S20 FE - Hàng Chính Hãng,11490000,28,94,327,Yes,Yes,Yes
16,https://tka.tiki.vn/pixel?data=djAwMdMaLW01jeGLd5xgHbbjiZvo3OjZTQ7Fv3KbPV4PYwGq1MORg_CrOS1NCz3oBtI6iZ1GuPCT8GEchOipWz9jrakrzgS-3wS-zlKlfNombxsLXcbErqmw7gjyzomCuch46YRAz0FQvv1TpotSVYU-OjSvNPDJWDzcM84Lehr-EV70Usoytav3wwiRAwtBWm-cq32FazJzoJHtG3UZcILcYE8FvPIva79hRQM774qhIEKYpH01Np0LMDT0Rpev8VgTLSR3qKkkgVoVJU5RZJWX__u9NeZuOtA_YWcN1Q-KDdZwQqeeiyGRLIpKVqpBiFYnna3XwU30ES7PfukL71IC8-165sUQ7_QRfVV_Wz7JwUKOxyJVnWBOwtI2FeO4sNYuL7hfx_XuGrN_Yfx3TV0QFpefBfus9ZfVRaLThD8eNdfJDnn3PTz4XE9OIXD8_H-kIw_4qY_pKV8-Qp2VyMg6hKsr2kHJr8xjZYLaR1m5eMSrApqxkzGioFUMxAMkDI7w4BLSed_wcN9UbdOvLN-a5vE3UI2vkuMpMcjSj5097nWbyIkSTx6PUX37glaom6tY8COl-vM-H_If4Lv5qRxenfYKyehLxPT3JIlWMUMCDBiGravAhP_7zpo3H3at2m6xa4hJRRbuGQxLPdTQMdGJcf1JabFnhaCkErrfN-lKi4lzk3NzLDwJhNSED2TqfeoQlQ5Nkp8oCu6mKtFCdAo0tDReHomLDscj0tsXpVHbZ2FhMbHLp77sxcLaP8ioGB8jZnSQDpp4TIcVgxoSkF--alqtmtAz9Qdgo-tgNYTAljISQMdBDCkuFewMaT0PV5BpHsdlhojt3fjQgc10OH6Ox3YRTmO9OZA-fWETYq6T2FxEYOSpGgvBfosLiqyQ-ARKKdED1B9fEGH08QRN2ScDLQVK4YQKh0mPW5vDDqiCJUbZf3RWz_Addav5Txc_wS7MCEncgiLbW9xyO3nGNr1Qczpb8kVsqchGCFPh55qL88uernbM1T6GmGtI4lcmECEBf8AS0pqY&CLICK&reqid=1aR0T9ssPF&pos=17&redirect=https%3A%2F%2Ftiki.vn%2Fmay-doc-sach-all-new-kindle-kids-edition-hang-nhap-khau-p67081292.html%3Fspid%3D67081296%26src%3Dss-ads,https://salt.tikicdn.com/cache/280x280/ts/product/51/26/9b/2880b4b2688a2c263e576b0b81f81e09.jpg,No,67081292,Máy đọc sách All-new Kindle Kids Edition - Hàng nhập khẩu,2650000,26,0,0,No,No,No
17,https://tiki.vn/dien-thoai-iphone-12-pro-max-256gb-hang-chinh-hang-p71197117.html?src=ss-organic,https://salt.tikicdn.com/ts/upload/f3/74/46/f4c52053d220e94a047410420eaf9faf.png,Yes,71197117,Điện Thoại iPhone 12 Pro Max 256GB - Hàng Chính Hãng,32490000,14,98,384,No,Yes,No
18,https://tiki.vn/dien-thoai-nokia-105-dual-sim-2019-hang-chinh-hang-p25730627.html?src=ss-organic,https://salt.tikicdn.com/cache/280x280/ts/product/a5/1b/4b/925051cd75d938700de042def6dd3428.jpg,No,25730627,Điện Thoại Nokia 105 Dual Sim (2019) - Hàng Chính Hãng,350000,3,94,328,No,No,No
19,https://tiki.vn/dien-thoai-oppo-a73-2020-6gb-128gb-hang-chinh-hang-p71159365.html?src=ss-organic,https://salt.tikicdn.com/cache/280x280/ts/product/df/48/86/d5d78cf9deede069da2e3b46346f96f0.jpg,No,71159365,Điện Thoại Oppo A73 2020 (6GB/128GB) - Hàng Chính Hãng,4490000,18,96,514,No,Yes,No
20,https://tiki.vn/dien-thoai-nokia-105-single-sim-2019-hang-chinh-hang-p34942696.html?src=ss-organic,https://salt.tikicdn.com/cache/280x280/ts/product/d8/4d/b3/2e6197b0211b70555b6a1c2fa44b9a54.jpg,No,34942696,Điện Thoại Nokia 105 Single Sim - Hàng Chính Hãng,330000,8,92,324,No,No,No
21,https://tiki.vn/dien-thoai-samsung-galaxy-s21-ultra-hang-chinh-hang-p74810915.html?src=ss-organic,https://salt.tikicdn.com/cache/280x280/ts/product/c5/f1/57/e1ce9edeb8c87db9ec4adf5bbe6a1344.png,No,74810915,Điện Thoại Samsung Galaxy S21 Ultra 5G (12GB/128GB) - Hàng Chính Hãng,24950000,19,0,0,No,No,No
22,https://tiki.vn/dien-thoai-iphone-12-pro-128gb-hang-chinh-hang-p71198345.html?src=ss-organic,https://salt.tikicdn.com/ts/upload/f3/74/46/f4c52053d220e94a047410420eaf9faf.png,Yes,71198345,Điện Thoại iPhone 12 Pro 128GB - Hàng Chính Hãng,26990000,13,100,162,No,Yes,No
23,https://tiki.vn/dien-thoai-vivo-y1s-hang-chinh-hang-p58444960.html?src=ss-organic,https://salt.tikicdn.com/cache/280x280/ts/product/ac/e0/57/6f377a45a456cda76c40bbd79b64a0a3.png,No,58444960,Điện thoại Vivo Y1S - Hàng chính hãng,2073700,23,94,19,No,No,No
24,https://tiki.vn/dien-thoai-samsung-galaxy-m11-3gb-32gb-hang-chinh-hang-p52717588.html?src=ss-organic,https://salt.tikicdn.com/cache/280x280/ts/product/9a/d8/a2/ee6fd1f6a847e1d234c46eb5666cb129.jpg,No,52717588,Điện Thoại Samsung Galaxy M11 (3GB/32GB) - Hàng Chính Hãng,2790000,24,94,974,Yes,No,No
25,https://tiki.vn/dien-thoai-oppo-a93-2020-8gb-128gb-hang-chinh-hang-p68596326.html?src=ss-organic,https://salt.tikicdn.com/cache/280x280/ts/product/58/76/44/f3f0452e127c308e933073d2f72410f8.jpg,No,68596326,Điện Thoại Oppo A93 2020 (8GB/128GB) - Hàng Chính Hãng,5590000,25,96,90,No,Yes,No
26,https://tiki.vn/dien-thoai-iphone-12-hang-chinh-hang-p70766415.html?src=ss-organic,https://salt.tikicdn.com/ts/upload/f3/74/46/f4c52053d220e94a047410420eaf9faf.png,Yes,70766415,Điện Thoại iPhone 12 64GB - Hàng  Chính Hãng,20490000,18,100,156,No,Yes,No
27,https://tiki.vn/dien-thoai-xiaomi-poco-x3-128gb-ram-6gb-hang-chinh-hang-p67057190.html?src=ss-organic,https://salt.tikicdn.com/cache/280x280/ts/product/01/ca/08/6fdc7404415e546bb209c5253219fad1.png,No,67057190,Điện thoại Xiaomi POCO X3 - Hàng Chính Hãng ,4990000,25,100,1,No,No,No
28,https://tiki.vn/dien-thoai-vsmart-aris-8gb-128gb-hang-chinh-hang-p73113762.html?src=ss-organic,https://salt.tikicdn.com/cache/280x280/ts/product/36/96/0d/2844545518e34ff3a4fb8679d10f4a53.jpg,No,73113762,Điện thoại Vsmart Aris (8GB/128GB) - Hàng Chính Hãng,5790000,23,94,75,No,No,No
29,https://tiki.vn/dien-thoai-iphone-12-mini-64gb-hang-chinh-hang-p71201117.html?src=ss-organic,https://salt.tikicdn.com/ts/upload/f3/74/46/f4c52053d220e94a047410420eaf9faf.png,Yes,71201117,Điện Thoại iPhone 12 Mini 64GB - Hàng Chính Hãng,16990000,23,94,67,No,Yes,No
30,https://tiki.vn/dien-thoai-xiaomi-redmi-9-hang-chinh-hang-p57127752.html?src=ss-organic,https://salt.tikicdn.com/cache/280x280/ts/product/3d/16/fa/e7c99ea56aee99a21836786af1f99366.png,No,57127752,Điện Thoại Xiaomi Redmi 9 - Hàng Chính Hãng,2890000,19,100,7,No,No,No
31,https://tiki.vn/dien-thoai-iphone-11-128gb-hang-chinh-hang-p32033730.html?src=ss-organic,https://salt.tikicdn.com/cache/280x280/ts/product/0c/62/39/499c08d6ec13cd33b33ee601d9e4251e.jpg,No,32033730,Điện Thoại iPhone 11 128GB - Hàng Chính Hãng,17990000,25,96,342,No,Yes,No
32,https://tiki.vn/may-tinh-bang-samsung-galaxy-tab-a8-8-t295-2019-hang-chinh-hang-p21464946.html?src=ss-organic,https://salt.tikicdn.com/cache/280x280/ts/product/05/f4/a0/4d066ca1f0249c6ff49af104b8b0c431.jpg,No,21464946,"Máy Tính Bảng Samsung Galaxy Tab A8 8"" T295 - Hàng Chính Hãng",3490000,5,78,7,No,Yes,No
33,https://tiki.vn/dien-thoai-realme-c12-hang-chinh-hang-p63453468.html?src=ss-organic,https://salt.tikicdn.com/cache/280x280/ts/product/74/d7/d9/dc06485711b16a15283521a70be84cdf.jpg,No,63453468,Điện Thoại Realme C12 (3GB/32GB) - Hàng Chính Hãng,2650000,24,96,54,No,No,No
34,https://tiki.vn/dien-thoai-xiaomi-redmi-9c-hang-chinh-hang-p59519631.html?src=ss-organic,https://salt.tikicdn.com/cache/280x280/ts/product/f9/a9/14/133b750b34ce7335379eed3de42530fb.png,No,59519631,Điện Thoại Xiaomi Redmi 9C - Hàng Chính Hãng,2490000,0,0,0,No,No,No
35,https://tiki.vn/may-tinh-bang-samsung-galaxy-a-8-plus-co-s-pen-hang-chinh-hang-p13561036.html?src=ss-organic,https://salt.tikicdn.com/cache/280x280/ts/product/33/c8/a0/c446d323441685f81c507bdc74194046.jpg,No,13561036,Máy Tính Bảng Samsung Galaxy Tab A 8 Plus P205 (Có S Pen) - Hàng Chính Hãng,4990000,29,94,102,No,Yes,No
36,https://tiki.vn/dien-thoai-vsmart-star-4-4gb-64gb-hang-chinh-hang-p59043375.html?src=ss-organic,https://salt.tikicdn.com/cache/280x280/ts/product/c4/bc/cc/21e30a265d74c43a2f01b1dac081a37d.jpg,No,59043375,Điện thoại Vsmart Star 4 (4GB/64GB) - Hàng Chính Hãng,2384000,11,94,797,No,No,No
37,https://tiki.vn/dien-thoai-samsung-galaxy-a12-4gb-128gb-hang-chinh-hang-p74932860.html?src=ss-organic,https://salt.tikicdn.com/cache/280x280/ts/product/da/a6/22/73818b7c5a8b7d6d5c34952d85168c2d.jpg,No,74932860,Điện Thoại Samsung Galaxy A12 (4GB/128GB) - Hàng Chính Hãng,4190000,2,96,37,No,Yes,No
38,https://tiki.vn/dien-thoai-samsung-galaxy-a12-4gb-128gb-da-kich-hoat-bao-hanh-dien-tu-hang-chinh-hang-p74935377.html?src=ss-organic,https://salt.tikicdn.com/cache/280x280/ts/product/b6/ac/58/a781e8737a2409136f50428085437da7.jpg,No,74935377,Điện Thoại Samsung Galaxy A12 (4GB/128GB) - ĐÃ KÍCH HOẠT BẢO HÀNH ĐIỆN TỬ - Hàng Chính Hãng,3650000,15,94,39,No,Yes,No
39,https://tiki.vn/dien-thoai-xiaomi-redmi-note-9s-hang-chinh-hang-p51553387.html?src=ss-organic,https://salt.tikicdn.com/cache/280x280/ts/product/c2/9d/c2/40e1f21bef91d798bfcfe9fa7a9be95a.jpg,No,51553387,Điện thoại Xiaomi Redmi Note 9S - Hàng Chính Hãng,4750000,13,0,0,No,No,No
40,https://tiki.vn/dien-thoai-xiaomi-poco-x3-nfc-6gb-128gb-hang-chinh-hang-p73655906.html?src=ss-organic,https://salt.tikicdn.com/cache/280x280/ts/product/20/db/8c/aa3b2c3a4c0813f79c3b3071c37f142c.jpg,No,73655906,Điện Thoại Xiaomi POCO X3 NFC (6GB/128GB) - Hàng Chính Hãng,5290000,24,94,30,Yes,No,Yes
41,https://tiki.vn/ipad-air-10-9-wi-fi-64gb-new-2020-hang-chinh-hang-p68171118.html?src=ss-organic,https://salt.tikicdn.com/cache/280x280/ts/product/8a/dd/2b/f7f3644029d510bc7655402d71c28764.jpg,No,68171118,iPad Air 10.9 Wi-Fi 64GB New 2020 - Hàng Chính Hãng,14990000,17,96,101,No,Yes,No
42,https://tiki.vn/dien-thoai-vsmart-active-3-hang-chinh-hang-p46753117.html?src=ss-organic,https://salt.tikicdn.com/cache/280x280/ts/product/25/1e/b7/6584848947954fac3ef811154bb850d6.jpg,No,46753117,Điện Thoại Vsmart Active 3 - Hàng Chính Hãng,3089000,38,84,6,No,No,No
43,https://tiki.vn/dien-thoai-nokia-5-4-4gb-128gb-hang-chinh-hang-p75540783.html?src=ss-organic,https://salt.tikicdn.com/cache/280x280/ts/product/28/86/95/1f6ea474624f8cdee6fe51179eed72cb.jpg,No,75540783,Điện Thoại Nokia 5.4 (4GB/128GB) - Hàng Chính Hãng,3490000,30,0,0,No,No,No
44,https://tiki.vn/dien-thoai-iphone-xr-64gb-hang-chinh-hang-p4538233.html?src=ss-organic,https://salt.tikicdn.com/cache/280x280/ts/product/ed/59/90/dbb02d5332621df9b6632d846236e132.jpg,No,4538233,Điện Thoại iPhone XR 64GB - Hàng Chính Hãng VN/A,12290000,47,96,314,No,Yes,No
45,https://tiki.vn/dien-thoai-nokia-150-2020-hang-chinh-hang-p55665054.html?src=ss-organic,https://salt.tikicdn.com/cache/280x280/ts/product/0e/a0/ba/326beb945cdc4e581af187ace71e6fe1.jpg,No,55665054,Điện Thoại Nokia 150 (2020) -  Hàng Chính Hãng,605000,8,94,177,No,No,No
46,https://tiki.vn/dien-thoai-vsmart-star-4-2gb-16gb-hang-chinh-hang-p59043368.html?src=ss-organic,https://salt.tikicdn.com/cache/280x280/ts/product/c4/bc/cc/4d9c6ddebc9904b929c1823a8d1889f9.jpg,No,59043368,Điện Thoại Vsmart Star 4 (2GB/16GB) - Hàng Chính Hãng,1799000,3,94,44,No,No,No
47,https://tiki.vn/dien-thoai-vsmart-joy-3-hang-chinh-hang-p48524359.html?src=ss-organic,https://salt.tikicdn.com/cache/280x280/ts/product/5a/7b/e1/5acd19c60380413b3e72ac3460da0f62.jpg,No,48524359,Điện Thoại Vsmart Joy 3 - Hàng chính hãng,2090000,9,78,19,Yes,No,No
48,https://tiki.vn/dien-thoai-oppo-reno-5-8gb-128g-hang-chinh-hang-p74489817.html?src=ss-organic,https://salt.tikicdn.com/cache/280x280/ts/product/83/ca/55/7cf04cfb464a9385452ed6ef24e8e450.jpg,No,74489817,Điện Thoại Oppo Reno 5 (8GB/128G) - Hàng Chính Hãng,7390000,18,100,20,No,Yes,No
49,https://tiki.vn/dien-thoai-iphone-12-pro-256gb-hang-chinh-hang-p71198812.html?src=ss-organic,https://salt.tikicdn.com/ts/upload/f3/74/46/f4c52053d220e94a047410420eaf9faf.png,Yes,71198812,Điện Thoại iPhone 12 Pro 256GB - Hàng Chính Hãng,28490000,19,96,83,No,Yes,No
50,https://tiki.vn/ipad-pro-11-inch-2020-128gb-wifi-hang-chinh-hang-p74558946.html?src=ss-organic,https://salt.tikicdn.com/cache/280x280/ts/product/99/0e/80/9c67bc593e297707aaad0f0e24b4789e.jpg,No,74558946,iPad Pro 11 inch (2020) 128GB Wifi  - Hàng  Chính Hãng,20490000,7,100,27,No,Yes,No
51,https://tiki.vn/dien-thoai-samsung-galaxy-a11-32gb-3gb-hang-chinh-hang-da-kich-hoat-bao-hanh-dien-tu-p54913203.html?src=ss-organic,https://salt.tikicdn.com/ts/upload/f3/74/46/f4c52053d220e94a047410420eaf9faf.png,Yes,54913203,Điện Thoại Samsung Galaxy A11 (32GB/3GB) - Hàng Chính Hãng - (Đã kích hoạt bảo hành điện tử),2669000,28,100,6,No,No,No
52,https://tiki.vn/dien-thoai-oppo-reno-5-8gb-128g-hang-chinh-hang-p74489817.html?src=ss-organic,https://salt.tikicdn.com/cache/280x280/ts/product/83/ca/55/7cf04cfb464a9385452ed6ef24e8e450.jpg,No,74489817,Điện Thoại Oppo Reno 5 (8GB/128G) - Hàng Chính Hãng,7390000,18,100,20,No,Yes,No
53,https://tiki.vn/dien-thoai-nokia-5-4-4gb-128gb-hang-chinh-hang-p75540783.html?src=ss-organic,https://salt.tikicdn.com/cache/280x280/ts/product/28/86/95/1f6ea474624f8cdee6fe51179eed72cb.jpg,No,75540783,Điện Thoại Nokia 5.4 (4GB/128GB) - Hàng Chính Hãng,3490000,30,0,0,No,No,No
54,https://tiki.vn/dien-thoai-vsmart-star-4-2gb-16gb-hang-chinh-hang-p59043368.html?src=ss-organic,https://salt.tikicdn.com/cache/280x280/ts/product/c4/bc/cc/4d9c6ddebc9904b929c1823a8d1889f9.jpg,No,59043368,Điện Thoại Vsmart Star 4 (2GB/16GB) - Hàng Chính Hãng,1799000,3,94,44,No,No,No
55,https://tiki.vn/dien-thoai-vsmart-joy-3-hang-chinh-hang-p48524359.html?src=ss-organic,https://salt.tikicdn.com/cache/280x280/ts/product/5a/7b/e1/5acd19c60380413b3e72ac3460da0f62.jpg,No,48524359,Điện Thoại Vsmart Joy 3 - Hàng chính hãng,2090000,9,78,19,Yes,No,No
56,https://tiki.vn/dien-thoai-xiaomi-redmi-note-9-pro-hang-chinh-hang-p55138557.html?src=ss-organic,https://salt.tikicdn.com/cache/280x280/ts/product/43/86/13/31d0777f983647c58050a42c7c17073c.jpg,No,55138557,Điện thoại Xiaomi Redmi Note 9 Pro - Hàng Chính Hãng,5790000,17,0,0,No,No,No
57,https://tiki.vn/ipad-10-2-inch-wifi-128gb-gen-8-new-2020-hang-chinh-hang-p67716300.html?src=ss-organic,https://salt.tikicdn.com/cache/280x280/ts/product/7a/b4/e0/d673ba23781f3b0a04d809d74471016e.jpg,No,67716300,iPad 10.2 Inch WiFi 128GB (gen 8) New 2020 - Hàng Chính Hãng,10990000,27,96,114,No,Yes,No
58,https://tiki.vn/dien-thoai-vivo-v20-se-8gb-128gb-hang-chinh-hang-p73682812.html?src=ss-organic,https://salt.tikicdn.com/cache/280x280/ts/product/ff/0a/ec/cb479a09ae67f2c44e865e5d7bfc1f20.jpg,No,73682812,Điện Thoại Vivo V20 SE (8GB/128GB) - Hàng Chính Hãng,6309600,12,0,0,No,No,No
59,https://tiki.vn/dien-thoai-samsung-galaxy-note-20-256gb-8gb-hang-chinh-hang-da-kich-hoat-bao-hanh-dien-tu-p62263771.html?src=ss-organic,https://salt.tikicdn.com/ts/upload/f3/74/46/f4c52053d220e94a047410420eaf9faf.png,Yes,62263771,Điện Thoại Samsung Galaxy Note 20 (8GB/256GB) - ĐÃ KÍCH HOẠT BẢO HÀNH ĐIỆN TỬ - Hàng Chính Hãng,15990000,33,94,45,No,Yes,No
60,https://tiki.vn/dien-thoai-iphone-12-mini-128gb-hang-chinh-hang-p71201344.html?src=ss-organic,https://salt.tikicdn.com/ts/upload/f3/74/46/f4c52053d220e94a047410420eaf9faf.png,Yes,71201344,Điện Thoại iPhone 12 Mini 128GB - Hàng Chính Hãng,19700000,18,90,2,No,Yes,No
61,https://tiki.vn/ipad-10-2-inch-wifi-cellular-32gb-new-2019-hang-nhap-khau-chinh-hang-p32648364.html?src=ss-organic,https://salt.tikicdn.com/cache/280x280/ts/product/da/f3/46/519f0f7afd64645cc9b3b1011a803d36.JPG,No,32648364,iPad 10.2 Inch WiFi/Cellular 32GB New 2019 - Hàng Nhập Khẩu Chính Hãng,9990000,17,96,31,Yes,Yes,No
62,https://tiki.vn/dien-thoai-oppo-a91-8gb-128g-hang-chinh-hang-p73091235.html?src=ss-organic,https://salt.tikicdn.com/cache/280x280/ts/product/55/0e/79/6b42a0a35fa6121a34b67934da4e2182.jpg,No,73091235,Điện Thoại Oppo A91 (8GB/128G) - Hàng Chính Hãng,4690000,33,90,70,Yes,Yes,No
63,https://tiki.vn/dien-thoai-vivo-y12s-hang-chinh-hang-p73320913.html?src=ss-organic,https://salt.tikicdn.com/cache/280x280/ts/product/b3/95/fc/70f6724a71608f645d6435ebf5e0039b.jpg,No,73320913,Điện thoại Vivo Y12s - Hàng Chính Hãng,3299000,23,90,22,Yes,No,No
64,https://tiki.vn/dien-thoai-iphone-11-128gb-hang-nhap-khau-p33996665.html?src=ss-organic,https://salt.tikicdn.com/ts/upload/f3/74/46/f4c52053d220e94a047410420eaf9faf.png,Yes,33996665,Điện Thoại iPhone 11 128GB  - Hàng Nhập Khẩu,16800000,33,96,34,Yes,Yes,No
65,https://tiki.vn/may-doc-sach-kindle-paperwhite-gen-10-2019-hang-nhap-khau-p40639597.html?src=ss-organic,https://salt.tikicdn.com/cache/280x280/ts/product/92/2c/e2/7391c4aa1677fcf9fb71e4042d1187d8.jpg,No,40639597,Máy Đọc Sách Kindle Paperwhite Gen 10 - Hàng Nhập Khẩu,2999000,30,92,39,No,No,No
66,https://tiki.vn/dien-thoai-xiaomi-redmi-note-10-pro-6gb-128gb-hang-chinh-hang-p84716247.html?src=ss-organic,https://salt.tikicdn.com/cache/280x280/ts/product/63/48/c5/53283c619eb9f3f47a1eb5e748f5f02d.jpg,No,84716247,Điện Thoại Xiaomi Redmi Note 10 Pro (6GB/128GB) - Hàng Chính Hãng,6390000,9,0,0,No,No,No
67,https://tiki.vn/dien-thoai-oppo-reno-3-pro-8gb-256gb-hang-chinh-hang-p54028954.html?src=ss-organic,https://salt.tikicdn.com/cache/280x280/ts/product/34/b8/e7/0377d91e4e30c48bdd1577ba128ca3be.jpg,No,54028954,Điện Thoại OPPO RENO 3 Pro (8GB/256GB) - Hàng Chính Hãng,6990000,53,92,30,Yes,Yes,No
68,https://tiki.vn/may-tinh-bang-masstel-tab-10-4g-hang-chinh-hang-p76358835.html?src=ss-organic,https://salt.tikicdn.com/cache/280x280/ts/product/c1/bf/f5/49a279dea78b383333811138948672c2.jpg,No,76358835,Máy Tính Bảng Masstel Tab 10 4G - Hàng Chính Hãng,2450000,23,92,34,Yes,No,No
69,https://tiki.vn/dien-thoai-oppo-reno-2-hang-chinh-hang-p35729879.html?src=ss-organic,https://salt.tikicdn.com/cache/280x280/ts/product/c4/cf/e7/7d93f397d479304c844806bd99849d01.jpg,No,35729879,Điện Thoại OPPO Reno 2 (8GB/256GB) - Hàng Chính Hãng,7790000,48,96,17,Yes,Yes,No
70,https://tiki.vn/ipad-air-10-9-wi-fi-256gb-new-2020-hang-chinh-hang-p68174420.html?src=ss-organic,https://salt.tikicdn.com/cache/280x280/ts/product/e4/75/d1/964aa6876cdf55d3ce9ad8b315fca8e7.jpg,No,68174420,iPad Air 10.9 Wi-Fi 256GB New 2020 - Hàng Chính Hãng,18650000,15,96,55,No,Yes,No
71,https://tiki.vn/dien-thoai-vivo-y20s-6gb-128gb-hang-chinh-hang-p70765393.html?src=ss-organic,https://salt.tikicdn.com/cache/280x280/ts/product/fa/30/65/c6ab1ff12272aec1e3a4d1ead3eb56b8.jpg,No,70765393,Điện Thoại Vivo Y20s (6GB/128GB) - Hàng Chính Hãng,4390000,12,0,0,No,No,No
72,https://tiki.vn/dien-thoai-iphone-12-pro-max-512gb-hang-chinh-hang-p71197208.html?src=ss-organic,https://salt.tikicdn.com/ts/upload/f3/74/46/f4c52053d220e94a047410420eaf9faf.png,Yes,71197208,Điện Thoại iPhone 12 Pro Max 512GB - Hàng Chính Hãng,37990000,14,96,32,No,Yes,No
73,https://tiki.vn/dien-thoai-samsung-galaxy-a51-6gb-128gb-da-kich-hoat-bao-hanh-dien-tu-hang-chinh-hang-p45695395.html?src=ss-organic,https://salt.tikicdn.com/ts/upload/f3/74/46/f4c52053d220e94a047410420eaf9faf.png,Yes,45695395,Điện Thoại Samsung Galaxy A51 (6GB/128GB) - ĐÃ KÍCH HOẠT BẢO HÀNH ĐIỆN TỬ - Hàng Chính Hãng,6080000,24,100,4,No,No,No
74,https://tiki.vn/dien-thoai-forme-a77-man-hinh-5inch-wifi-3g-2-sim-hang-chinh-hang-p71952008.html?src=ss-organic,https://salt.tikicdn.com/cache/280x280/ts/product/38/02/10/06a0021f0a164d92b67a17bd184e67d7.jpg,No,71952008,"Điện thoại Forme A77 màn hình 5inch, Wifi, 3G, 2 sim  - Hàng chính hãng",729000,26,72,57,Yes,No,No
75,https://tiki.vn/ipad-10-2-inch-wifi-32gb-gen-8-new-2020-hang-chinh-hang-p67707109.html?src=ss-organic,https://salt.tikicdn.com/cache/280x280/ts/product/2e/c7/85/1f62f17c11d1e475143ee8e6c23fd555.jpg,No,67707109,iPad 10.2 Inch WiFi 32GB (Gen 8) New 2020 - Hàng  Chính Hãng,8790000,20,96,456,No,Yes,No
76,https://tiki.vn/dien-thoai-xiaomi-redmi-note-9-3gb-64gb-hang-chinh-hang-p55584843.html?src=ss-organic,https://salt.tikicdn.com/cache/280x280/ts/product/c3/9d/ce/2f2cf3e1bf16b2a2a482641dca62fe73.png,No,55584843,Điện thoại Xiaomi Redmi Note 9 (3GB/64GB) - Hàng Chính Hãng,3290000,18,90,179,Yes,No,No
77,https://tiki.vn/dien-thoai-vivo-y20-4gb-64gb-hang-chinh-hang-p70765398.html?src=ss-organic,https://salt.tikicdn.com/cache/280x280/ts/product/6a/17/c0/8db3ee8cbec1258c3cd682b089ce5c8c.jpg,No,70765398,Điện Thoại Vivo Y20 (4GB/64GB) - Hàng Chính Hãng,3590000,10,0,0,No,No,No
78,https://tiki.vn/dien-thoai-samsung-galaxy-note-20-ultra-256gb-8gb-hang-chinh-hang-da-kich-hoat-bao-hanh-dien-tu-p62269749.html?src=ss-organic,https://salt.tikicdn.com/ts/upload/f3/74/46/f4c52053d220e94a047410420eaf9faf.png,Yes,62269749,Điện Thoại Samsung Galaxy Note 20 Ultra (8GB/256GB) - ĐÃ KÍCH HOẠT BẢO HÀNH ĐIỆN TỬ - Hàng Chính Hãng,20090000,33,92,5,No,Yes,No
79,https://tiki.vn/dien-thoai-xiaomi-redmi-note-10-4gb-64gb-hang-chinh-hang-p85042408.html?src=ss-organic,https://salt.tikicdn.com/cache/280x280/ts/product/08/52/3b/f1654b16b82e9a6a9d31a900489a49db.jpg,No,85042408,Điện Thoại Xiaomi Redmi Note 10 (4GB/64GB) - Hàng Chính Hãng,4234700,10,96,4,No,Yes,No
80,https://tiki.vn/dien-thoai-nokia-2-4-hang-chinh-hang-p69271416.html?src=ss-organic,https://salt.tikicdn.com/cache/280x280/ts/product/c3/4c/c2/11c46f5ffe021c9eda1790e295a24fab.jpg,No,69271416,Điện Thoại Nokia 2.4 (2GB/32GB) - Hàng Chính Hãng,2090000,22,90,95,No,No,No
81,https://tiki.vn/ipad-pro-11-inch-2020-128gb-wifi-cellular-hang-chinh-hang-p76307576.html?src=ss-organic,https://salt.tikicdn.com/cache/280x280/ts/product/89/3c/7d/9f7bcbdecd3c7f8430d8d1e6a0e6c7cd.jpg,No,76307576,iPad Pro 11 inch (2020) 128GB Wifi Cellular  - Hàng  Chính Hãng,23990000,11,80,1,No,Yes,No
82,https://tiki.vn/dien-thoai-samsung-galaxy-a02s-4gb-64gb-da-kich-hoat-bao-hanh-dien-tu-hang-chinh-hang-p75321775.html?src=ss-organic,https://salt.tikicdn.com/cache/280x280/ts/product/3a/3c/44/cc38eecfd1eb86b6b7dcb8d10796181e.jpg,No,75321775,Điện Thoại Samsung Galaxy A02s (4GB/64GB) -  ĐÃ KÍCH HOẠT BẢO HÀNH ĐIỆN TỬ - Hàng Chính Hãng,3290000,21,94,12,No,No,No
83,https://tiki.vn/dien-thoai-nokia-3-4-hang-chinh-hang-p73510754.html?src=ss-organic,https://salt.tikicdn.com/cache/280x280/ts/product/48/22/7c/0ddf107a81ccf15f9e2d27ba67e25d6b.jpg,No,73510754,Điện Thoại Nokia 3.4 - Hàng Chính Hãng,2690000,27,100,1,No,No,No
84,https://tiki.vn/may-tinh-bang-samsung-galaxy-tab-s7-wifi-t870-6gb-128gb-hang-chinh-hang-p83492084.html?src=ss-organic,https://salt.tikicdn.com/cache/280x280/ts/product/e7/c0/ee/f3873073d5c010413784ac80ad0409f5.jpg,No,83492084,Máy Tính Bảng Samsung Galaxy Tab S7 Wifi T870 (6GB/128GB) - Hàng Chính Hãng,14590000,3,100,6,No,Yes,No
85,https://tiki.vn/dien-thoai-iphone-11-pro-64gb-hang-nhap-khau-p33815238.html?src=ss-organic,https://salt.tikicdn.com/ts/upload/f3/74/46/f4c52053d220e94a047410420eaf9faf.png,Yes,33815238,Điện Thoại iPhone 11 Pro 64GB - Hàng Nhập Khẩu ,22400000,32,96,10,No,Yes,No
86,https://tiki.vn/dien-thoai-xiaomi-redmi-note-9-4gb-128gb-hang-chinh-hang-p55248506.html?src=ss-organic,https://salt.tikicdn.com/ts/upload/f3/74/46/f4c52053d220e94a047410420eaf9faf.png,Yes,55248506,Điện thoại Xiaomi Redmi Note 9 (4GB/128GB) - Hàng chính hãng,4290000,14,96,16,No,Yes,No
87,https://tiki.vn/may-tinh-bang-samsung-galaxy-tab-a7-3gb-64gb-sm-t505-da-kich-hoat-bao-hanh-dien-tu-hang-chinh-hang-p74034401.html?src=ss-organic,https://salt.tikicdn.com/cache/280x280/ts/product/38/fb/93/3116b5c745be5e48f6492186d7f0d58a.jpg,No,74034401,Máy Tính Bảng Samsung Galaxy Tab A7 (3GB/64GB) SM-T505 ĐÃ KÍCH HOẠT BẢO HÀNH ĐIỆN TỬ - Hàng Chính Hãng,6390000,20,96,21,No,Yes,No
88,https://tiki.vn/dien-thoai-huawei-p40-pro-8gb-256gb-hang-phan-phoi-chinh-hang-p74556870.html?src=ss-organic,https://salt.tikicdn.com/cache/280x280/ts/product/da/5d/a1/743dfc6ee720fd332ef15787801a091c.jpg,No,74556870,Điện thoại Huawei P40 Pro (8GB/256GB) - Hàng Phân Phối Chính Hãng,19990000,17,20,1,No,Yes,No
89,https://tiki.vn/dien-thoai-samsung-galaxy-a31-6gb-128gb-da-kich-hoat-bao-hanh-dien-tu-hang-chinh-hang-p54711313.html?src=ss-organic,https://salt.tikicdn.com/cache/280x280/ts/product/d4/a3/d5/111941d63aaffd468854f4b166ca89b9.jpg,No,54711313,Điện Thoại Samsung Galaxy A31 (6GB/128GB) - ĐÃ KÍCH HOẠT BẢO HÀNH ĐIỆN TỬ - Hàng Chính Hãng,4990000,23,100,6,No,Yes,No
90,https://tiki.vn/dien-thoai-oppo-reno-4-8gb-128gb-hang-chinh-hang-p58437155.html?src=ss-organic,https://salt.tikicdn.com/cache/280x280/ts/product/a9/51/ae/efe90af6caad60e6666ea31b8173a31c.jpg,No,58437155,Điện Thoại OPPO RENO 4 (8GB/128GB) - Hàng Chính Hãng,6650000,26,96,81,No,Yes,No
91,https://tiki.vn/ipad-air-10-5-wi-fi-256gb-new-2019-hang-chinh-hang-p74558974.html?src=ss-organic,https://salt.tikicdn.com/cache/280x280/ts/product/90/5b/a7/e60fa5670e7c272ebe41c6a9909b9379.jpg,No,74558974,iPad Air 10.5 Wi-Fi 256GB New 2019 - Hàng Chính Hãng,14990000,12,100,5,Yes,Yes,No
92,https://tiki.vn/dien-thoai-realme-6i-4gb-128g-hang-chinh-hang-p54058645.html?src=ss-organic,https://salt.tikicdn.com/cache/280x280/ts/product/06/d4/f1/5084634b07e9670de72ef4d812360db9.jpg,No,54058645,Điện Thoại Realme 6I (4GB/128GB) - Hàng Chính Hãng ,3850000,23,96,29,No,Yes,No
93,https://tiki.vn/dien-thoai-samsung-galaxy-a72-8gb-256gb-hang-chinh-hang-p83470267.html?src=ss-organic,https://salt.tikicdn.com/cache/280x280/ts/product/28/49/6c/209e20d96d5baaa296fc025bd07d6471.jpg,No,83470267,Điện Thoại Samsung Galaxy A72 (8GB/256GB) - Hàng Chính Hãng,10990000,4,0,0,No,Yes,No
94,https://tiki.vn/may-doc-sach-kindle-paperwhite-gen-4-10th-ban-8gb-2019-hang-chinh-hang-p6597807.html?src=ss-organic,https://salt.tikicdn.com/cache/280x280/ts/product/be/f2/ba/f7cacd4da64139b88acb667612d814ba.jpg,No,6597807,Máy đọc sách Kindle PaperWhite Gen 4 (10th) - Bản 8GB - Hàng chính hãng,3045000,24,94,27,No,Yes,No
95,https://tiki.vn/may-tinh-bang-samsung-galaxy-tab-s6-lite-sm-p615n-hang-chinh-hang-p53654257.html?src=ss-organic,https://salt.tikicdn.com/cache/280x280/ts/product/d1/e5/30/293c86afbc9494950fd6ada93bb330b5.jpg,No,53654257,Máy Tính Bảng Samsung Galaxy Tab S6 Lite (SM-P615N) - Hàng Chính Hãng,8750000,12,100,10,Yes,Yes,No
96,https://tiki.vn/dien-thoai-xiaomi-redmi-note-10-6gb-128gb-hang-chinh-hang-p84709895.html?src=ss-organic,https://salt.tikicdn.com/cache/280x280/ts/product/63/02/c2/3643234181545ec3c168f5e86e2c429a.png,No,84709895,Điện Thoại Xiaomi Redmi Note 10 (6GB/128GB) - Hàng Chính Hãng,4940000,10,0,0,No,No,No
97,https://tiki.vn/dien-thoai-nokia-215-4g-hang-chinh-hang-p72882726.html?src=ss-organic,https://salt.tikicdn.com/cache/280x280/ts/product/04/b7/c8/f8eb85dbd2eb43e173fe01700284d125.png,No,72882726,Điện Thoại Nokia 215 4G - Hàng Chính Hãng,695000,7,0,0,No,No,No
98,https://tiki.vn/may-doc-sach-all-new-kindle-2019-10th-hang-chinh-hang-p14507169.html?src=ss-organic,https://salt.tikicdn.com/cache/280x280/ts/product/41/e1/79/f4541de59d4c16cfd2d37797909540b2.jpg,No,14507169,Máy Đọc Sách All New Kindle 2019 (10th) – Hàng Chính Hãng,2249000,25,96,63,Yes,No,No
99,https://tiki.vn/dien-thoai-oppo-a9-2020-128g-8gb-hang-chinh-hang-p31276832.html?src=ss-organic,https://salt.tikicdn.com/cache/280x280/ts/product/5c/63/67/aad7c2586211ce63030180629e89f743.jpg,No,31276832,Điện Thoại OPPO A9 2020 (8GB/128GB) - Hàng Chính Hãng,4690000,41,90,71,No,Yes,No
100,https://tiki.vn/dien-thoai-vsmart-aris-6gb-64gb-hang-chinh-hang-p68165397.html?src=ss-organic,https://salt.tikicdn.com/cache/280x280/ts/product/87/dc/e0/f0d649b9a7457fb2db3f363105b4a1f8.jpg,No,68165397,Điện thoại Vsmart Aris (6GB/64GB) - Hàng Chính Hãng,5889000,16,0,0,No,No,No
101,https://tiki.vn/dien-thoai-oppo-a15-3gb-32g-hang-chinh-hang-p74492306.html?src=ss-organic,https://salt.tikicdn.com/cache/280x280/ts/product/08/3d/ea/0c9b3ca6e122bc71a89268e19e7e9e82.jpg,No,74492306,Điện Thoại Oppo A15 (3GB/32G) - Hàng Chính Hãng,3190000,9,96,6,No,Yes,No
102,https://tiki.vn/dien-thoai-xiaomi-redmi-note-10-6gb-128gb-hang-chinh-hang-p84709895.html?src=ss-organic,https://salt.tikicdn.com/cache/280x280/ts/product/63/02/c2/3643234181545ec3c168f5e86e2c429a.png,No,84709895,Điện Thoại Xiaomi Redmi Note 10 (6GB/128GB) - Hàng Chính Hãng,4940000,10,0,0,No,No,No
103,https://tiki.vn/may-tinh-bang-samsung-galaxy-tab-a7-3gb-64gb-sm-t505-da-kich-hoat-bao-hanh-dien-tu-hang-chinh-hang-p74034401.html?src=ss-organic,https://salt.tikicdn.com/cache/280x280/ts/product/38/fb/93/3116b5c745be5e48f6492186d7f0d58a.jpg,No,74034401,Máy Tính Bảng Samsung Galaxy Tab A7 (3GB/64GB) SM-T505 ĐÃ KÍCH HOẠT BẢO HÀNH ĐIỆN TỬ - Hàng Chính Hãng,6390000,20,96,21,No,Yes,No
104,https://tiki.vn/dien-thoai-vivo-y20s-6gb-128gb-hang-chinh-hang-p70765393.html?src=ss-organic,https://salt.tikicdn.com/cache/280x280/ts/product/fa/30/65/c6ab1ff12272aec1e3a4d1ead3eb56b8.jpg,No,70765393,Điện Thoại Vivo Y20s (6GB/128GB) - Hàng Chính Hãng,4390000,12,0,0,No,No,No
105,https://tiki.vn/dien-thoai-vivo-v20-se-8gb-128gb-hang-chinh-hang-p73682812.html?src=ss-organic,https://salt.tikicdn.com/cache/280x280/ts/product/ff/0a/ec/cb479a09ae67f2c44e865e5d7bfc1f20.jpg,No,73682812,Điện Thoại Vivo V20 SE (8GB/128GB) - Hàng Chính Hãng,6309600,12,0,0,No,No,No
106,https://tiki.vn/dien-thoai-samsung-galaxy-s21-ultra-5g-12gb-128gb-da-kich-hoat-bao-hanh-dien-tu-hang-chinh-hang-p77117341.html?src=ss-organic,https://salt.tikicdn.com/cache/280x280/ts/product/7f/10/73/2a0fe150d3686d94cea485c75ed340aa.jpg,No,77117341,Điện Thoại Samsung Galaxy S21 Ultra 5G (12GB/128GB) - ĐÃ KÍCH HOẠT BẢO HÀNH ĐIỆN TỬ -  Hàng Chính Hãng ,21690000,30,0,0,No,No,No
107,https://tiki.vn/dien-thoai-realme-c20-2gb-32gb-hang-chinh-hang-p76589453.html?src=ss-organic,https://salt.tikicdn.com/cache/280x280/ts/product/30/52/10/3ae18c87c99e78375218e679a71b2c18.jpg,No,76589453,Điện thoại Realme C20 (2GB/32GB)- Hàng chính hãng,2390000,11,100,2,No,No,No
108,https://tiki.vn/dien-thoai-iphone-11-pro-256gb-hang-nhap-khau-p33802447.html?src=ss-organic,https://salt.tikicdn.com/ts/upload/f3/74/46/f4c52053d220e94a047410420eaf9faf.png,Yes,33802447,Điện Thoại iPhone 11 Pro 256GB - Hàng Nhập Khẩu ,25700000,31,92,13,No,Yes,No
109,https://tiki.vn/ipad-air-10-5-wi-fi-256gb-new-2019-hang-chinh-hang-p74558974.html?src=ss-organic,https://salt.tikicdn.com/cache/280x280/ts/product/90/5b/a7/e60fa5670e7c272ebe41c6a9909b9379.jpg,No,74558974,iPad Air 10.5 Wi-Fi 256GB New 2019 - Hàng Chính Hãng,14990000,12,100,5,Yes,Yes,No
110,https://tiki.vn/may-tinh-bang-samsung-galaxy-tab-s7-wifi-t870-6gb-128gb-hang-chinh-hang-p83492084.html?src=ss-organic,https://salt.tikicdn.com/cache/280x280/ts/product/e7/c0/ee/f3873073d5c010413784ac80ad0409f5.jpg,No,83492084,Máy Tính Bảng Samsung Galaxy Tab S7 Wifi T870 (6GB/128GB) - Hàng Chính Hãng,14590000,3,100,6,No,Yes,No
111,https://tiki.vn/dien-thoai-vsmart-joy-4-4gb-64gb-hang-chinh-hang-mau-xanh-ngoc-lam-p71082242.html?src=ss-organic,https://salt.tikicdn.com/cache/280x280/ts/product/28/7d/2b/18bc1ae47f6baebc37e979cf37ae7f85.png,No,71082242,Điện thoại Vsmart Joy 4 (4GB/64GB)- Hàng chính hãng-màu xanh ngọc lam,3270000,9,100,6,No,No,No
112,https://tiki.vn/dien-thoai-di-dong-gsm-zono-n8110-1-8inch-hang-nhap-khau-p3666899.html?src=ss-organic,https://salt.tikicdn.com/cache/280x280/ts/product/83/d2/f7/1d1c2828ba8a4f130ab4e394da551284.jpg,No,3666899,Điện Thoại Di Động GSM ZONO N8110 1.8inch – Hàng Nhập Khẩu,149000,55,78,57,No,No,No
113,https://tiki.vn/may-tinh-bang-huawei-matepad-t-10s-hang-phan-phoi-chinh-hang-p75321722.html?src=ss-organic,https://salt.tikicdn.com/cache/280x280/ts/product/6e/f2/c4/02f2ff370fb7359e1b22ccf0267612d4.jpg,No,75321722,Máy tính bảng HUAWEI MatePad T 10s - Hàng Phân Phối Chính Hãng,5290000,4,100,3,No,Yes,No
114,https://tiki.vn/dien-thoai-masstel-izi-112-hang-chinh-hang-p22052301.html?src=ss-organic,https://salt.tikicdn.com/cache/280x280/ts/product/5e/35/a9/04a193c9df85d0b0ec97d757fd26484f.png,No,22052301,Điện thoại Masstel Izi 112 - Hàng chính hãng,180000,38,96,40,Yes,No,No
115,https://tiki.vn/may-tinh-bang-samsung-galaxy-tab-a8-8-t295-2019-da-kich-hoat-bao-hanh-hang-chinh-hang-p23258088.html?src=ss-organic,https://salt.tikicdn.com/ts/upload/f3/74/46/f4c52053d220e94a047410420eaf9faf.png,Yes,23258088,"Máy Tính Bảng Samsung Galaxy Tab A8 8"" T295 - Đã Kích Hoạt Bảo Hành - Hàng Chính Hãng",3090000,16,92,14,No,Yes,No
116,https://tiki.vn/may-doc-sach-all-new-kindle-ban-dac-biet-8gb-hang-nhap-khau-p66773643.html?src=ss-organic,https://salt.tikicdn.com/cache/280x280/ts/product/73/55/1f/6d41ff1a98006a065967f02b3f84f530.jpg,No,66773643,Máy đọc sách All New Kindle Bản đặc biệt 8GB - Hàng nhập khẩu,2249000,29,96,29,No,No,No
117,https://tiki.vn/may-doc-sach-onyx-boox-poke-3-hang-chinh-hang-p76798064.html?src=ss-organic,https://salt.tikicdn.com/ts/upload/f3/74/46/f4c52053d220e94a047410420eaf9faf.png,Yes,76798064,Máy đọc sách Onyx Boox Poke 3 - Hàng Chính Hãng,4990000,17,100,2,No,No,No
118,https://tiki.vn/ipad-10-2-inch-wifi-32gb-new-2019-hang-nhap-khau-chinh-hang-p32648365.html?src=ss-organic,https://salt.tikicdn.com/cache/280x280/ts/product/d2/a3/ec/8c8d00ee9e7d66bd438509780fa9dc8f.jpg,No,32648365,iPad 10.2 Inch WiFi 32GB New 2019 - Hàng Nhập Khẩu Chính Hãng,9990000,0,0,0,Yes,Yes,No
119,https://tiki.vn/dien-thoai-samsung-galaxy-a52-8gb-128gb-hang-chinh-hang-p83368040.html?src=ss-organic,https://salt.tikicdn.com/cache/280x280/ts/product/e6/a1/ca/46747d2f49745a53d3e841505852ed29.png,No,83368040,Điện Thoại Samsung Galaxy A52 (8GB/128GB) - Hàng Chính Hãng,8640000,7,0,0,No,No,No
120,https://tiki.vn/dien-thoai-iphone-12-pro-512gb-hang-chinh-hang-p71201194.html?src=ss-organic,https://salt.tikicdn.com/ts/upload/f3/74/46/f4c52053d220e94a047410420eaf9faf.png,Yes,71201194,Điện Thoại iPhone 12 Pro 512GB - Hàng Chính Hãng,32490000,21,100,15,Yes,Yes,No
121,https://tiki.vn/dien-thoai-ban-panasonic-kx-ts500mx-hang-chinh-hang-p11213994.html?src=ss-organic,https://salt.tikicdn.com/cache/280x280/ts/product/35/43/37/5d0406c34b5bb69dbbcbb313a9dc7089.jpg,No,11213994,Điện Thoại Bàn Panasonic KX-TS500MX - Hàng Chính Hãng,242900,46,94,41,No,No,No
122,https://tiki.vn/may-tinh-bang-mobell-tab-7s-8gb-hang-chinh-hang-p625684.html?src=ss-organic,https://salt.tikicdn.com/cache/280x280/media/catalog/product/1/_/1.u4064.d20170426.t115242.448874.jpg,No,625684,Máy Tính Bảng Mobell Tab 7S (8GB) - Hàng Chính Hãng,979000,51,96,6,No,No,No
123,https://tiki.vn/dien-thoai-masstel-izi-300-hang-chinh-hang-p35527589.html?src=ss-organic,https://salt.tikicdn.com/cache/280x280/ts/product/74/e9/f6/cd168838b2659d40f7cc19b3ce51619a.jpg,No,35527589,Điện Thoại Masstel IZI 300 - Hàng Chính Hãng,270000,45,90,25,Yes,No,No
124,https://tiki.vn/dien-thoai-oppo-a31-2020-6gb-128gb-hang-chinh-hang-p52400151.html?src=ss-organic,https://salt.tikicdn.com/cache/280x280/ts/product/f4/11/b4/3f1f832946ddd71ce8f2abe277e8fedf.jpg,No,52400151,Điện Thoại Oppo A31 2020 (6GB/128GB) - Hàng Chính Hãng,3950000,25,90,31,Yes,Yes,No
125,https://tiki.vn/may-tinh-bang-kindle-fire-hd10-9th-32gb-2019-hang-nhap-khau-balck-p58245791.html?src=ss-organic,https://salt.tikicdn.com/cache/280x280/ts/product/c1/09/a6/d5d4cf143c7e8b7faffaf937f3f003df.jpg,No,58245791,Máy Tính Bảng Kindle Fire HD10(9th) 32GB (2019) - Hàng Nhập Khẩu - Balck,3450000,16,0,0,No,Yes,No
126,https://tiki.vn/ipad-pro-11-inch-2020-128gb-wifi-cellular-hang-chinh-hang-p76307576.html?src=ss-organic,https://salt.tikicdn.com/cache/280x280/ts/product/89/3c/7d/9f7bcbdecd3c7f8430d8d1e6a0e6c7cd.jpg,No,76307576,iPad Pro 11 inch (2020) 128GB Wifi Cellular  - Hàng  Chính Hãng,23990000,11,80,1,No,Yes,No
127,https://tiki.vn/dien-thoai-masstel-izi-230-p73280676.html?src=ss-organic,https://salt.tikicdn.com/cache/280x280/ts/product/c9/1a/3b/4441b25ab41424bc13bdf64471966a17.jpg,No,73280676,Điện thoại Masstel IZI 230,275000,21,90,36,Yes,No,No
128,https://tiki.vn/dien-thoai-iphone-12-mini-hang-chinh-hang-p70766384.html?src=ss-organic,https://salt.tikicdn.com/ts/upload/f3/74/46/f4c52053d220e94a047410420eaf9faf.png,Yes,70766384,Điện Thoại iPhone 12 Mini 256GB - Hàng Chính Hãng,23000000,12,0,0,No,Yes,No
129,https://tiki.vn/dien-thoai-di-dong-gsm-zono-n8110-2-4inch-hang-nhap-khau-vang-p75453884.html?src=ss-organic,https://salt.tikicdn.com/cache/280x280/ts/product/2d/c1/61/0d6e02395e388efd5960d48eb3a36e3a.jpg,No,75453884,Điện Thoại Di Động GSM ZONO N8110 2.4inch – Hàng Nhập Khẩu - Vàng,209000,40,86,22,No,No,No
130,https://tiki.vn/dien-thoai-realme-c17-6gb-128gb-hang-chinh-hang-p73547373.html?src=ss-organic,https://salt.tikicdn.com/cache/280x280/ts/product/99/ae/8b/6b67bc0a3b9af5293e22b45ce7851ea2.jpg,No,73547373,Điện Thoại Realme C17 (6GB/128GB) - Hàng Chính Hãng,4790000,9,100,3,No,Yes,No
131,https://tiki.vn/ipad-pro-11-inch-wifi-2020-hang-nhap-khau-p52675312.html?src=ss-organic,https://salt.tikicdn.com/ts/upload/f3/74/46/f4c52053d220e94a047410420eaf9faf.png,Yes,52675312,iPad Pro 11 inch Wifi 2020 - Hàng Nhập Khẩu ,22500000,6,94,23,No,Yes,No
132,https://tiki.vn/dien-thoai-energizer-power-max-p20-kiem-sac-du-phong-hang-chinh-hang-p54637084.html?src=ss-organic,https://salt.tikicdn.com/cache/280x280/ts/product/c8/cb/2a/d52fa4ec54844c260e2906e8c6957a30.jpg,No,54637084,Điện thoại Energizer Power Max P20 kiêm sạc dự phòng - Hàng chính hãng,590000,26,80,20,No,No,No
133,https://tiki.vn/ipad-pro-12-9-inch-2020-wifi-hang-nhap-khau-p52675635.html?src=ss-organic,https://salt.tikicdn.com/ts/upload/f3/74/46/f4c52053d220e94a047410420eaf9faf.png,Yes,52675635,iPad Pro 12.9 inch (2020) Wifi - Hàng Nhập Khẩu,25100000,10,98,14,No,Yes,No
134,https://tiki.vn/dien-thoai-nokia-210-hang-chinh-hang-p12628815.html?src=ss-organic,https://salt.tikicdn.com/cache/280x280/ts/product/39/d6/56/5a0d38812d0e2cbdf2731610dc4d8738.jpg,No,12628815,Điện Thoại Nokia 210 - Hàng Chính Hãng,670000,14,94,98,Yes,No,No
135,https://tiki.vn/dien-thoai-samsung-galaxy-a10s-32gb-2gb-hang-chinh-hang-da-kich-hoat-bao-hanh-dien-tu-p29396058.html?src=ss-organic,https://salt.tikicdn.com/ts/upload/f3/74/46/f4c52053d220e94a047410420eaf9faf.png,Yes,29396058,Điện Thoại Samsung Galaxy A10s (32GB/2GB) - Hàng Chính Hãng - Đã Kích Hoạt Bảo Hành Điện Tử,2690000,27,0,0,No,No,No
136,https://tiki.vn/dien-thoai-mobell-c106-hang-chinh-hang-p48484050.html?src=ss-organic,https://salt.tikicdn.com/cache/280x280/ts/product/d2/28/9a/a3e7724b4ba5a881e69c7627f3808094.png,No,48484050,Điện thoại Mobell C106 - Hàng chính hãng,149000,25,94,36,No,No,No
137,https://tiki.vn/dien-thoai-energizer-e20-hang-chinh-hang-p54632975.html?src=ss-organic,https://salt.tikicdn.com/cache/280x280/ts/product/bc/bc/10/92853a3c0b6c9d83183296363691a3a6.jpg,No,54632975,Điện thoại Energizer E20 -Hàng Chính Hãng,650000,28,92,21,No,No,No
138,https://tiki.vn/dien-thoai-nokia-110-dual-sim-2019-hang-chinh-hang-p34942635.html?src=ss-organic,https://salt.tikicdn.com/cache/280x280/ts/product/58/dd/67/3eeb99563bd83231b1c538ea61d691b4.jpg,No,34942635,Điện Thoại Nokia 110 Dual Sim (2019) - Hàng Chính Hãng,460000,54,88,72,No,No,No
139,https://tiki.vn/may-tinh-bang-masstel-tab-10-pro-hang-chinh-hang-p32937961.html?src=ss-organic,https://salt.tikicdn.com/cache/280x280/ts/product/e9/6c/4e/a176e6d6138134cbc2d5c22b4621844c.jpg,No,32937961,Máy Tính Bảng Masstel Tab 10 Pro - Hàng Chính Hãng,2090000,25,76,8,Yes,No,No
140,https://tiki.vn/combo-may-doc-sach-kindle-paperwhite-gen-10-8gb-mau-den-va-bao-da-well-begun-hang-nhap-khau-p11217956.html?src=ss-organic,https://salt.tikicdn.com/cache/280x280/ts/product/22/a2/87/5ccb9e3528367ba4c6112d5b9399ac40.jpg,No,11217956,Combo Máy Đọc Sách Kindle Paperwhite Gen 10 (8GB - Màu Đen) và Bao da WELL BEGUN - Hàng nhập khẩu,3145000,27,96,34,No,Yes,No
141,https://tiki.vn/may-tinh-bang-kindle-fire-hd8-plus-2020-ram-3gb-32gb-hang-nhap-khau-p67087279.html?src=ss-organic,https://salt.tikicdn.com/cache/280x280/ts/product/63/77/64/da9b9ea9ff163c50693c85751ee4ec92.jpg,No,67087279,Máy tính bảng Kindle Fire HD8 Plus 2020 - Ram 3Gb - 32Gb - Hàng nhập khẩu,2599000,19,100,5,No,No,No
142,https://tiki.vn/dien-thoai-di-dong-gsm-zono-n8110-2-4inch-hang-nhap-khau-p3717703.html?src=ss-organic,https://salt.tikicdn.com/cache/280x280/ts/product/eb/c2/34/29fe6f30f28dc8f88dec31ca0ba10f26.jpg,No,3717703,Điện Thoại Di Động GSM ZONO N8110 2.4inch - Hàng Nhập Khẩu,209000,60,76,234,No,No,No
143,https://tiki.vn/may-doc-sach-kindle-paperwhite-gen-10-hang-my-p11254535.html?src=ss-organic,https://salt.tikicdn.com/ts/upload/f3/74/46/f4c52053d220e94a047410420eaf9faf.png,Yes,11254535,Máy Đọc Sách Kindle Paperwhite Gen 10 -  Hàng Mỹ,3800000,21,90,2,No,No,No
144,https://tiki.vn/dien-thoai-samsung-galaxy-a31-128gb-6gb-hang-chinh-hang-p54700224.html?src=ss-organic,https://salt.tikicdn.com/cache/280x280/ts/product/d4/a3/d5/58f3f8de4d2c12008915447874f99551.jpg,No,54700224,Điện Thoại Samsung Galaxy A31 (128GB/6GB) - Hàng Chính Hãng,5290000,18,94,14,No,Yes,No
145,https://tiki.vn/ipad-pro-12-9-inch-2020-256gb-wifi-hang-chinh-hang-p76352373.html?src=ss-organic,https://salt.tikicdn.com/cache/280x280/ts/product/c6/91/f8/3639a3a4fbd909d7a3911632c4894ede.jpg,No,76352373,iPad Pro 12.9 inch (2020) 256GB Wifi - Hàng  Chính Hãng,27990000,18,100,3,No,Yes,No
146,https://tiki.vn/dien-thoai-nokia-105-dual-sim-2-sim-hang-chinh-hang-p74176622.html?src=ss-organic,https://salt.tikicdn.com/cache/280x280/ts/product/d7/aa/c9/a748418013dfa00ad20e8185e068c208.jpg,No,74176622,Điện thoại Nokia 105- Dual sim (2 sim)- Hàng chính hãng,335000,7,86,4,No,No,No
147,https://tiki.vn/dien-thoai-vivo-v20-8gb-128gb-hang-chinh-hang-p70833091.html?src=ss-organic,https://salt.tikicdn.com/cache/280x280/ts/product/0e/56/e6/b979cd050ba89051b9ae91f897bb416b.jpg,No,70833091,Điện thoại Vivo V20 (8GB/128GB) - Hàng Chính Hãng,7581700,11,100,8,No,No,No
148,https://tiki.vn/may-doc-sach-kindle-paperwhite-gen-4-10th-hang-nhap-khau-p72635454.html?src=ss-organic,https://salt.tikicdn.com/ts/upload/f3/74/46/f4c52053d220e94a047410420eaf9faf.png,Yes,72635454,Máy đọc sách Kindle Paperwhite gen 4 (10th) - Hàng nhập khẩu ,2950000,18,100,2,No,No,No
149,https://tiki.vn/dien-thoai-ban-co-dinh-khong-day-lap-sim-p31261844.html?src=ss-organic,https://salt.tikicdn.com/cache/280x280/ts/product/99/d4/77/5f13a5dbea28c014a47351b7a77d6402.jpg,No,31261844,Điện Thoại Bàn Cố Định Không Dây Lắp Sim,389000,43,72,11,No,No,No
150,https://tiki.vn/may-doc-sach-kindle-oasis-3-ban-my-hang-nhap-khau-p72284060.html?src=ss-organic,https://salt.tikicdn.com/ts/upload/f3/74/46/f4c52053d220e94a047410420eaf9faf.png,Yes,72284060,Máy đọc sách Kindle Oasis 3 - Bản Mỹ - Hàng nhập khẩu,6200000,30,86,11,No,No,No
151,https://tiki.vn/dien-thoai-bphone-b86-hang-chinh-hang-p68527587.html?src=ss-organic,https://salt.tikicdn.com/ts/upload/f3/74/46/f4c52053d220e94a047410420eaf9faf.png,Yes,68527587,Điện thoại Bphone B86 - Hàng chính hãng,7641000,15,100,26,No,No,No
152,https://tiki.vn/dien-thoai-vsmart-star-4-3gb-32gb-mau-xanh-duong-chinh-hang-100-p75515658.html?src=ss-organic,https://salt.tikicdn.com/cache/280x280/ts/product/c6/85/4f/3a48f55651811831791af1d2cfe6a235.jpg,No,75515658,Điện thoại Vsmart Star 4 (3GB/32GB)-màu xanh dương-chính hãng 100%,2120000,15,0,0,No,No,No
153,https://tiki.vn/dien-thoai-nokia-5310-2020-hang-chinh-hang-p51326736.html?src=ss-organic,https://salt.tikicdn.com/cache/280x280/ts/product/40/bf/5b/7c07db5ba824d7c56d6cacead5559f5a.jpg,No,51326736,Điện Thoại Nokia 5310 (2020) - Hàng Chính Hãng,919000,7,94,3,No,No,No
154,https://tiki.vn/dien-thoai-danh-cho-nguoi-gia-itel-2590-pin-trau-song-khoe-kem-dock-sac-hang-chinh-hang-p74901879.html?src=ss-organic,https://salt.tikicdn.com/cache/280x280/ts/product/5a/cd/f1/979bf66ccc34c8f0c029f6485a137efd.jpg,No,74901879,Điện Thoại Dành Cho Người Già iTel 2590 - Pin Trâu - Sóng Khỏe - Kèm Dock Sạc - Hàng Chính Hãng,439000,27,94,10,No,No,No
155,https://tiki.vn/dien-thoai-energizer-e12-hang-chinh-hang-p49722374.html?src=ss-organic,https://salt.tikicdn.com/cache/280x280/ts/product/9c/e6/10/3e4b6a29df3f5f0bba4ab5dfc2baed35.png,No,49722374,Điện thoại Energizer E12 - Hàng Chính Hãng,255000,49,88,8,No,No,No
156,https://tiki.vn/dien-thoai-samsung-galaxy-a31-128gb-6gb-hang-chinh-hang-p54700224.html?src=ss-organic,https://salt.tikicdn.com/cache/280x280/ts/product/d4/a3/d5/58f3f8de4d2c12008915447874f99551.jpg,No,54700224,Điện Thoại Samsung Galaxy A31 (128GB/6GB) - Hàng Chính Hãng,5290000,18,94,14,No,Yes,No
157,https://tiki.vn/dien-thoai-mobell-m889-hang-chinh-hang-p53245077.html?src=ss-organic,https://salt.tikicdn.com/cache/280x280/ts/product/d3/65/ea/330c7771839dfe5a9d412b2da3e7f58e.png,No,53245077,Điện thoại Mobell M889 - Hàng chính hãng,379000,5,78,20,No,No,No
158,https://tiki.vn/dien-thoai-nokia-150-2020-hang-chinh-hang-den-p58263379.html?src=ss-organic,https://salt.tikicdn.com/cache/280x280/ts/product/a5/2f/45/2d46649b794bb35793ce942cde83a4c2.png,No,58263379,Điện thoại Nokia 150 (2020) - Hàng chính hãng - Đen,609000,8,92,5,No,No,No
159,https://tiki.vn/dien-thoai-ban-panasonic-kx-ts500-hang-chinh-hang-p4048043.html?src=ss-organic,https://salt.tikicdn.com/cache/280x280/ts/product/e3/71/9a/a23456e6289f71d29205541a8fb7c353.jpg,No,4048043,Điện Thoại Bàn Panasonic KX-TS500 - Hàng Chính Hãng,249000,7,94,58,No,No,No
160,https://tiki.vn/dien-thoai-xiaomi-black-shark-3pro-12gb-256gb-hang-quoc-te-chinh-hang-p67536643.html?src=ss-organic,https://salt.tikicdn.com/cache/280x280/ts/product/f6/5c/8a/c8aa878ed3e190441d50bc8a95cbf9a8.jpg,No,67536643,Điện Thoại Xiaomi Black Shark 3pro (12GB/256GB) - [Hàng Quốc Tế Chính Hãng],20090000,2,100,1,No,Yes,No
161,https://tiki.vn/dien-thoai-di-dong-nguoi-gia-masstel-fami-11-loa-to-song-khoe-2-sim-ban-phim-doc-so-fm-khong-day-dung-sim-viettel-vinaphone-mobifone-hang-chinh-hang-p69060449.html?src=ss-organic,https://salt.tikicdn.com/cache/280x280/ts/product/3a/80/ed/b27e0283a9b2f1f8b94241045e1437d2.png,No,69060449,"ĐIỆN THOẠI DI ĐỘNG NGƯỜI GIÀ MASSTEL FAMI 11,loa to, sóng khỏe,2 sim,bàn phím đọc số,FM không dây,dùng sim Viettel,Vinaphone,Mobifone hàng chính hãng",325000,46,92,19,No,No,No
162,https://tiki.vn/dien-thoai-huawei-nova-7i-8g-128g-sac-nhanh-40w-hang-phan-phoi-chinh-hang-p74556930.html?src=ss-organic,https://salt.tikicdn.com/cache/280x280/ts/product/89/43/6a/af32792e2b841fe6b43401460b1d6fc6.jpg,No,74556930,Điện thoại Huawei Nova 7i 8G/128G Sạc nhanh 40W - Hàng Phân Phối Chính Hãng,5990000,14,100,2,No,Yes,No
163,https://tiki.vn/dien-thoai-vivo-v20-8gb-128gb-hang-chinh-hang-p70833091.html?src=ss-organic,https://salt.tikicdn.com/cache/280x280/ts/product/0e/56/e6/b979cd050ba89051b9ae91f897bb416b.jpg,No,70833091,Điện thoại Vivo V20 (8GB/128GB) - Hàng Chính Hãng,7581700,11,100,8,No,No,No
164,https://tiki.vn/may-tinh-bang-huawei-matepad-t8-2g-32g-the-nho-ngoai-512gb-hang-chinh-hang-p74556923.html?src=ss-organic,https://salt.tikicdn.com/cache/280x280/ts/product/4b/d5/d2/9c001fc86c1554a4058fd4ca4e1ed290.jpg,No,74556923,Máy TÍnh Bảng HUAWEI Matepad T8 2G/32G- Thẻ nhớ ngoài 512GB - Hàng Chính Hãng,2990000,9,100,4,No,No,No
165,https://tiki.vn/dien-thoai-mobell-c310-hang-chinh-hang-p52347882.html?src=ss-organic,https://salt.tikicdn.com/cache/280x280/ts/product/5e/1a/3e/0d5c6697b27fc229f3e459f74d42b71e.png,No,52347882,Điện thoại Mobell C310 - Hàng chính hãng,199000,33,82,40,No,No,No
166,https://tiki.vn/dien-thoai-samsung-galaxy-note-20-ultra-5g-12gb-256gb-da-kich-hoat-bao-hanh-dien-tu-hang-chinh-hang-p70661051.html?src=ss-organic,https://salt.tikicdn.com/ts/upload/f3/74/46/f4c52053d220e94a047410420eaf9faf.png,Yes,70661051,Điện Thoại Samsung Galaxy Note 20 Ultra 5G (12GB/256GB) - ĐÃ KÍCH HOẠT BẢO HÀNH ĐIỆN TỬ - Hàng Chính Hãng,20990000,36,0,0,No,Yes,No
167,https://tiki.vn/dien-thoai-itel-it2161-ace-fm-khong-day-den-pin-co-lon-2-sim-danh-ba-1000-so-hang-chinh-hang-p76266779.html?src=ss-organic,https://salt.tikicdn.com/cache/280x280/ts/product/d0/3a/b1/a045210ce4772de0eaaa3c32587ad082.png,No,76266779,"Điện thoại itel it2161 (Ace) - FM không dây, đèn pin cỡ lớn, 2 sim, danh bạ 1000 số - Hàng chính hãng",165000,34,96,10,No,No,No
168,https://tiki.vn/dien-thoai-energizer-e100-hang-chinh-hang-p49541097.html?src=ss-organic,https://salt.tikicdn.com/cache/280x280/ts/product/98/25/89/eb16c85cd762e6a276774d5678ec3cdf.jpg,No,49541097,Điện thoại Energizer E100 -Hàng  Chính Hãng,430000,46,96,6,No,No,No
169,https://tiki.vn/may-tinh-bang-huawei-t5-10-3gb-32gb-hang-phan-phoi-chinh-hang-p75320704.html?src=ss-organic,https://salt.tikicdn.com/cache/280x280/ts/product/8e/e1/13/efb757ba2096cd52e0a83a61b48d5a03.jpg,No,75320704,Máy Tính Bảng Huawei T5 10 (3GB/32GB) - Hàng Phân Phối Chính Hãng,4590000,8,100,2,No,Yes,No
170,https://tiki.vn/dien-thoai-nokia-150-hang-chinh-hang-p74317085.html?src=ss-organic,https://salt.tikicdn.com/cache/280x280/ts/product/92/cd/e1/19ab0ba14b36d99804e690766e4705e7.jpg,No,74317085,Điện thoại Nokia 150- Hàng chính hãng,609000,8,0,0,No,No,No
171,https://tiki.vn/may-doc-sach-kobo-clara-8gb-den-6-inch-co-den-cam-hang-nhap-khau-p72290345.html?src=ss-organic,https://salt.tikicdn.com/cache/280x280/ts/product/f0/04/a4/8daf08244f9766c75ece956b9edcb0b9.png,No,72290345,"Máy đọc sách Kobo Clara HD 8GB đen, 6 inch, có đèn cam - Hàng nhập khẩu",3245000,35,100,2,No,No,No
172,https://tiki.vn/may-doc-sach-kindle-paperwhite-2018-gen-4-10th-ban-32-gb-hang-chinh-hang-p6598039.html?src=ss-organic,https://salt.tikicdn.com/cache/280x280/ts/product/be/f2/ba/7c5e015111d8a91615f60b4d5194a9b1.jpg,No,6598039,Máy đọc sách Kindle PaperWhite gen 4 (10th) - Bản 32 GB - Hàng chính hãng,3720000,17,86,4,No,No,No
173,https://tiki.vn/dien-thoai-ban-khong-day-panasonic-kx-tgb110-hang-chinh-hang-p11251951.html?src=ss-organic,https://salt.tikicdn.com/cache/280x280/ts/product/7f/27/33/3d7be765dcdfd3c03ae0883b92ce0ff6.jpg,No,11251951,Điện thoại bàn không dây Panasonic KX-TGB110-Hàng Chính Hãng,670000,30,92,27,No,No,No
174,https://tiki.vn/dien-thoai-itel-it5025-man-hinh-2-4-pin-1200-mah-2-sim-co-camera-hang-chinh-hang-p76265784.html?src=ss-organic,https://salt.tikicdn.com/cache/280x280/ts/product/29/0b/b5/a325b968ee9da6c7aacd7d56fd307a9c.png,No,76265784,"Điện thoại itel it5025 - Màn hình 2.4"", pin 1200 mAh, 2 sim, có camera - Hàng chính hãng",260000,13,96,4,No,No,No
175,https://tiki.vn/dien-thoai-ban-khong-day-panasonic-kx-tgb112-hang-chinh-hang-p11251743.html?src=ss-organic,https://salt.tikicdn.com/ts/upload/f3/74/46/f4c52053d220e94a047410420eaf9faf.png,Yes,11251743,Điện thoại bàn không dây Panasonic KX-TGB112 - Hàng Chính Hãng,980000,41,90,14,Yes,No,No
176,https://tiki.vn/dien-thoai-samsung-galaxy-a02s-4gb-64gb-hang-chinh-hang-p75323380.html?src=ss-organic,https://salt.tikicdn.com/cache/280x280/ts/product/d2/ac/f1/9ee626e1a7b237bda449cfacc7f7a515.jpg,No,75323380,Điện Thoại Samsung Galaxy A02s (4GB/64GB) - Hàng Chính Hãng,3290000,21,0,0,No,No,No
177,https://tiki.vn/dien-thoai-de-ban-panasonic-kx-tsc11mx-hang-chinh-hang-p16523479.html?src=ss-organic,https://salt.tikicdn.com/ts/upload/f3/74/46/f4c52053d220e94a047410420eaf9faf.png,Yes,16523479,Điện thoại để bàn Panasonic KX TSC11MX hàng chính hãng,479900,26,80,1,No,No,No
178,https://tiki.vn/dien-thoai-itel-it2163-hang-chinh-hang-p23105940.html?src=ss-organic,https://salt.tikicdn.com/cache/280x280/ts/product/25/9b/13/dfc8d9fad14df4e1475931287e799789.jpg,No,23105940,Điện Thoại Itel IT2163 - Hàng Chính Hãng,209000,0,76,5,Yes,No,No
179,https://tiki.vn/dien-thoai-nokia-150-2020-hang-chinh-hang-p75402106.html?src=ss-organic,https://salt.tikicdn.com/cache/280x280/ts/product/d5/0b/1b/23006f617e46f8c6758b5f84f5ea7072.png,No,75402106,Điện Thoại Nokia 150 (2020) - Hàng Chính Hãng,599000,9,100,1,No,No,No
180,https://tiki.vn/ulefone-armor-x-chong-nuoc-chong-va-dap-pin-5-500mah-hang-chinh-hang-p29931445.html?src=ss-organic,https://salt.tikicdn.com/ts/upload/f3/74/46/f4c52053d220e94a047410420eaf9faf.png,Yes,29931445,"Ulefone Armor X ( chống nước,chống va đập,pin 5.000mAh ) hàng chính hãng",2990000,25,92,30,Yes,No,No
181,https://tiki.vn/may-doc-sach-onyx-boox-nova-3-hang-chinh-hang-p76798342.html?src=ss-organic,https://salt.tikicdn.com/ts/upload/f3/74/46/f4c52053d220e94a047410420eaf9faf.png,Yes,76798342,Máy đọc sách Onyx Boox Nova 3- Hàng Chính Hãng,8789000,8,100,2,No,No,No
182,https://tiki.vn/may-tinh-bang-samsung-galaxy-tab-s7-plus-t975-6gb-128gb-da-kich-hoat-bao-hanh-dien-tu-hang-chinh-hang-p87150845.html?src=ss-organic,https://salt.tikicdn.com/cache/280x280/ts/product/55/37/ae/e4965a029fc2f485b4e2566bbf6f7c87.jpg,No,87150845,Máy Tính Bảng Samsung Galaxy Tab S7 Plus T975 (6GB/128GB) - ĐÃ KÍCH HOẠT BẢO HÀNH ĐIỆN TỬ - Hàng Chính Hãng,16750000,30,0,0,No,Yes,No
183,https://tiki.vn/dien-thoai-masstel-f50-hang-chinh-hang-p26487851.html?src=ss-organic,https://salt.tikicdn.com/cache/280x280/ts/product/b4/a6/2d/16bd4de2c3d9c71b0aaf49740f3055ec.jpg,No,26487851,Điện Thoại Masstel F50 - Hàng Chính Hãng,399000,32,0,0,No,No,No
184,https://tiki.vn/dien-thoai-itel-value100-man-hinh-1-77-256-000-mau-2-sim-danh-ba-1000-so-hang-chinh-hang-p74459767.html?src=ss-organic,https://salt.tikicdn.com/cache/280x280/ts/product/7d/49/b5/67175ee853defac3bab2ee3fe0507c21.png,No,74459767,"Điện thoại itel Value100 - Màn hình 1.77'', 256.000 màu, 2 sim, Danh bạ 1000 số - Hàng chính hãng",170000,0,100,4,No,No,No
185,https://tiki.vn/may-tinh-bang-vankyo-matrixpad-s20-hang-chinh-hang-p72042076.html?src=ss-organic,https://salt.tikicdn.com/cache/280x280/ts/product/83/1d/47/b6ee30f0007f9d8813b8abaa0f101dd8.jpg,No,72042076,Máy tính bảng Vankyo MatrixPad S20 - Hàng Chính Hãng,3490000,34,92,5,No,No,No
186,https://tiki.vn/dien-thoai-huawei-p30-lite-hang-chinh-hang-p12630187.html?src=ss-organic,https://salt.tikicdn.com/cache/280x280/ts/product/73/b7/30/3c99ffe7b0debc22f87f3025082021f6.jpg,No,12630187,Điện Thoại Huawei P30 Lite - Hàng Chính Hãng,5490000,27,0,0,Yes,Yes,No
187,https://tiki.vn/may-doc-sach-amazon-kindle-paperwhite-4-gen-10-2019-hang-nhap-khau-p35170466.html?src=ss-organic,https://salt.tikicdn.com/cache/280x280/ts/product/8c/76/8f/e2994fbebad248e88efd211d1b4379cd.jpg,No,35170466,Máy đọc sách Amazon Kindle Paperwhite 4 Gen 10 (2019) - Hàng nhập khẩu,3039000,28,92,16,No,Yes,No
188,https://tiki.vn/dien-thoai-bphone-3-pro-hang-chinh-hang-p68521343.html?src=ss-organic,https://salt.tikicdn.com/ts/upload/f3/74/46/f4c52053d220e94a047410420eaf9faf.png,Yes,68521343,Điện thoại Bphone 3 Pro - Hàng chính hãng,6493000,35,100,4,Yes,Yes,No
189,https://tiki.vn/may-doc-sach-kindle-fire-hd-10-den-hang-nhap-khau-p2119907.html?src=ss-organic,https://salt.tikicdn.com/cache/280x280/ts/product/27/db/8c/1dabc79561a94b328d6c445cf437bc27.jpg,No,2119907,Máy Đọc Sách Kindle Fire HD 10 (Đen) - Hàng Nhập Khẩu,3350000,12,88,7,Yes,No,No
190,https://tiki.vn/dien-thoai-samsung-galaxy-a21s-hang-chinh-hang-da-kich-hoat-bao-hanh-dien-tu-p56027838.html?src=ss-organic,https://salt.tikicdn.com/ts/upload/f3/74/46/f4c52053d220e94a047410420eaf9faf.png,Yes,56027838,Điện Thoại Samsung Galaxy A21s - ĐÃ KÍCH HOẠT BẢO HÀNH ĐIỆN TỬ - Hàng Chính Hãng,4290000,9,100,3,No,No,No
191,https://tiki.vn/dien-thoai-di-dong-oukitel-k7-hang-chinh-hang-p3665529.html?src=ss-organic,https://salt.tikicdn.com/ts/upload/f3/74/46/f4c52053d220e94a047410420eaf9faf.png,Yes,3665529,Điện thoại di động Oukitel K7 Pro - Hàng Chính Hãng,3990000,20,82,8,No,Yes,No
192,https://tiki.vn/may-doc-sach-likebook-ares-hang-chinh-hang-p38705394.html?src=ss-organic,https://salt.tikicdn.com/ts/upload/f3/74/46/f4c52053d220e94a047410420eaf9faf.png,Yes,38705394,Máy Đọc Sách Likebook Ares - Hàng chính hãng,7290000,14,100,4,No,Yes,No
193,https://tiki.vn/may-tinh-bang-huawei-matepad-pro-6gb-128gb-kem-but-cam-ung-huawei-m-pencil-ban-phim-huawei-smart-magnetic-chip-kirin-990-hieu-ung-am-thanh-histen-6-0-man-hinh-huawei-fullview-10-8-inch-hang-chinh-hang-p74556980.html?src=ss-organic,https://salt.tikicdn.com/cache/280x280/ts/product/40/70/ce/59ffdc5538ad5ad595cf16c4f558c397.jpg,No,74556980,Máy Tính Bảng Huawei Matepad Pro (6GB/128GB) | Kèm Bút Cảm Ứng Huawei M-Pencil + Bàn Phím Huawei Smart Magnetic | Chip Kirin 990 | Hiệu Ứng Âm Thanh | Histen 6.0 | Màn Hình Huawei Fullview 10.8 Inch | Hàng Chính Hãng,16990000,15,0,0,No,Yes,No
194,https://tiki.vn/dien-thoai-forme-duos-1900-man-hinh-2-8inch-pin-1900mah-font-chu-lon-phan-phoi-chinh-hang-p47994410.html?src=ss-organic,https://salt.tikicdn.com/cache/280x280/ts/product/2b/69/0b/6852ab1e8a5e531485c70d363f117adb.jpg,No,47994410,"Điện thoại Forme Duos 1900, màn hình 2.8inch, pin 1900mAh, font chữ lớn - Phân phối chính hãng",310000,14,92,14,No,No,No
195,https://tiki.vn/may-doc-sach-kobo-libra-h20-8gb-trang-den-co-den-nen-vang-chong-nuoc-hang-nhap-khau-p74776150.html?src=ss-organic,https://salt.tikicdn.com/cache/280x280/ts/product/2c/12/8f/6530deee7b232c8616d9bb42fbe2129d.jpg,No,74776150,"Máy đọc sách Kobo Libra H20 8GB Trắng/Đen có đèn nền vàng, chống nước - Hàng nhập khẩu",5050000,16,0,0,No,No,No
196,https://tiki.vn/may-tinh-bang-samsung-galaxy-tab-s7-plus-t975-6gb-128gb-da-kich-hoat-bao-hanh-dien-tu-hang-chinh-hang-p87150845.html?src=ss-organic,https://salt.tikicdn.com/cache/280x280/ts/product/55/37/ae/e4965a029fc2f485b4e2566bbf6f7c87.jpg,No,87150845,Máy Tính Bảng Samsung Galaxy Tab S7 Plus T975 (6GB/128GB) - ĐÃ KÍCH HOẠT BẢO HÀNH ĐIỆN TỬ - Hàng Chính Hãng,16750000,30,0,0,No,Yes,No
197,https://tiki.vn/dien-thoai-suntek-vicool-v10-kiem-tai-nghe-bluetooth-hang-chinh-hang-p14566322.html?src=ss-organic,https://salt.tikicdn.com/cache/280x280/ts/product/c1/2c/52/22f78f50bdb954142e2f89d3738f97fc.jpg,No,14566322,Điện Thoại Suntek Vicool V10 Kiêm Tai Nghe Bluetooth - Hàng Chính Hãng,790000,21,20,1,No,No,No
198,https://tiki.vn/dien-thoai-huawei-y9s-6g-128g-kirin-710f-man-hinh-tran-vien-6-59-inch-camera-selfie-16-mp-bat-len-tu-dong-hang-chinh-hang-p74556919.html?src=ss-organic,https://salt.tikicdn.com/cache/280x280/ts/product/0d/b0/6a/68d388111d3442444e7eba0d525a13a7.jpg,No,74556919,Điện Thoại Huawei Y9S (6G/128G) | Kirin 710F | Màn Hình Tràn Viền 6.59 Inch | Camera Selfie 16 MP Bật Lên Tự Động | Hàng Chính Hãng,5990000,0,0,0,No,Yes,No
199,https://tiki.vn/dien-thoai-huawei-p30-lite-hang-chinh-hang-p12630187.html?src=ss-organic,https://salt.tikicdn.com/cache/280x280/ts/product/73/b7/30/3c99ffe7b0debc22f87f3025082021f6.jpg,No,12630187,Điện Thoại Huawei P30 Lite - Hàng Chính Hãng,5490000,27,0,0,Yes,Yes,No
200,https://tiki.vn/may-doc-sach-kindle-paperwhite-gen-4-10th-hang-nhap-khau-p71969220.html?src=ss-organic,https://salt.tikicdn.com/cache/280x280/ts/product/1a/cd/2e/bcb9cc5cbb391bb41b376896afb24fbf.JPG,No,71969220,Máy đọc sách Kindle Paperwhite gen 4 (10th) - Hàng nhập khẩu,2988000,17,100,1,No,No,No
201,https://tiki.vn/may-doc-sach-onyx-boox-note-air-hang-chinh-hang-p71895965.html?src=ss-organic,https://salt.tikicdn.com/cache/280x280/ts/product/f5/7a/24/93a97796092425fe84171ce9269e8f8b.jpg,No,71895965,Máy Đọc Sách Onyx Boox Note Air - Hàng Chính Hãng,12589000,7,100,3,No,No,No
202,https://tiki.vn/ipad-pro-12-9-inch-2020-128gb-wifi-cellular-hang-chinh-hang-p76308647.html?src=ss-organic,https://salt.tikicdn.com/cache/280x280/ts/product/3e/01/d7/319ca4cda6e9f29fa7513b91132e9f63.jpg,No,76308647,iPad Pro 12.9 inch (2020) 128GB Wifi Cellular- Hàng  Chính Hãng,29490000,8,0,0,No,Yes,No
203,https://tiki.vn/dien-thoai-vsmart-live-4-6gb-64gb-hang-chinh-hang-p73947084.html?src=ss-organic,https://salt.tikicdn.com/cache/280x280/ts/product/4d/31/e8/2d6edf1f6325a3c0a0151796317d7f66.jpg,No,73947084,Điện thoại Vsmart Live 4- 6gb| 64gb- Hàng chính hãng,4090000,11,100,2,No,No,No
204,https://tiki.vn/dien-thoai-oppo-a12-4gb-64gb-hang-chinh-hang-p53827217.html?src=ss-organic,https://salt.tikicdn.com/cache/280x280/ts/product/77/56/ca/370d5b66b2c1743aec879479632f9459.jpg,No,53827217,Điện Thoại Oppo A12 (4GB/64GB) - Hàng Chính Hãng,2990000,25,94,42,Yes,No,No
205,https://tiki.vn/dien-thoai-di-dong-oukitel-k7-hang-chinh-hang-p3665529.html?src=ss-organic,https://salt.tikicdn.com/ts/upload/f3/74/46/f4c52053d220e94a047410420eaf9faf.png,Yes,3665529,Điện thoại di động Oukitel K7 Pro - Hàng Chính Hãng,3990000,20,82,8,No,Yes,No
206,https://tiki.vn/dien-thoai-vivo-s1-pro-8gb-128gb-hang-chinh-hang-p44147702.html?src=ss-organic,https://salt.tikicdn.com/cache/280x280/ts/product/30/65/bc/c53b4d8b84118a9e7391d3801cc9524c.jpg,No,44147702,Điện Thoại Vivo S1 Pro (8GB/128GB) - Hàng Chính Hãng,6990000,0,100,4,Yes,Yes,No
207,https://tiki.vn/may-doc-sach-likebook-ares-hang-chinh-hang-p38705394.html?src=ss-organic,https://salt.tikicdn.com/ts/upload/f3/74/46/f4c52053d220e94a047410420eaf9faf.png,Yes,38705394,Máy Đọc Sách Likebook Ares - Hàng chính hãng,7290000,14,100,4,No,Yes,No
208,https://tiki.vn/dien-thoai-forme-duos-1900-man-hinh-2-8inch-pin-1900mah-font-chu-lon-phan-phoi-chinh-hang-p47994410.html?src=ss-organic,https://salt.tikicdn.com/cache/280x280/ts/product/2b/69/0b/6852ab1e8a5e531485c70d363f117adb.jpg,No,47994410,"Điện thoại Forme Duos 1900, màn hình 2.8inch, pin 1900mAh, font chữ lớn - Phân phối chính hãng",310000,14,92,14,No,No,No
209,https://tiki.vn/dien-thoai-danh-cho-nguoi-cao-tuoi-itel-2590-pin-trau-loa-to-song-khoe-hang-chinh-hang-p72000836.html?src=ss-organic,https://salt.tikicdn.com/cache/280x280/ts/product/5a/cd/f1/ce8f61a0d2f5327652389c0b313e6e9a.jpg,No,72000836,Điện Thoại Dành Cho Người Cao Tuổi iTel 2590 - Pin Trâu - Loa To - Sóng Khỏe - Hàng Chính Hãng,465000,23,92,9,No,No,No
210,https://tiki.vn/dien-thoai-oppo-a1k-2gb-32gb-hang-chinh-hang-p17510352.html?src=ss-organic,https://salt.tikicdn.com/cache/280x280/ts/product/4e/58/a7/2ff49ea4d1557e2a5fc63ef84b9309b9.jpg,No,17510352,Điện Thoại Oppo A1K (2GB/32GB) - Hàng Chính Hãng,2290000,28,96,54,Yes,No,No
211,https://tiki.vn/may-doc-sach-kindle-paperwhite-2018-7th-4gb-refurbished-hang-nhap-khau-p67216147.html?src=ss-organic,https://salt.tikicdn.com/cache/280x280/ts/product/2d/7d/30/cdf1ccb7bc52244de533816758653f70.png,No,67216147,Máy Đọc Sách Kindle Paperwhite 2018 (7th) - 4Gb - Refurbished - Hàng nhập khẩu,2379000,20,0,0,No,No,No
212,https://tiki.vn/dien-thoai-black-shark-3-8gb-128gb-hang-quoc-te-chinh-hang-p56519259.html?src=ss-organic,https://salt.tikicdn.com/ts/upload/f3/74/46/f4c52053d220e94a047410420eaf9faf.png,Yes,56519259,Điện thoại Black shark 3 (8GB/128GB) - Hàng QUỐC TẾ CHÍNH HÃNG,14490000,3,20,1,Yes,No,No
213,https://tiki.vn/may-doc-sach-kindle-paperwhite-gen-10-2019-32gb-hang-nhap-khau-p28624284.html?src=ss-organic,https://salt.tikicdn.com/ts/upload/f3/74/46/f4c52053d220e94a047410420eaf9faf.png,Yes,28624284,Máy Đọc Sách Kindle PaperWhite Gen 10 - 2019 (32GB) - Hàng Nhập Khẩu,3800000,22,60,1,No,No,No
214,https://tiki.vn/dien-thoai-di-dong-gsm-vtel-a2-2-sim-so-to-chu-to-pin-ben-thiet-ke-dep-hang-chinh-hang-p77756018.html?src=ss-organic,https://salt.tikicdn.com/cache/280x280/ts/product/a5/b5/55/3301a5704cc7019934f14a33a81aa64b.png,No,77756018,"Điện Thoại di động GSM Vtel A2 (2 Sim) - Số To, Chữ To, Pin Bền, Thiết Kế Đẹp - Hàng Chính Hãng",179000,28,100,1,No,No,No
215,https://tiki.vn/dien-thoai-ban-panasonic-kx-ts500mx-hang-chinh-hang-p14084476.html?src=ss-organic,https://salt.tikicdn.com/cache/280x280/ts/product/8c/58/50/0d3e16d51e72a3812d70a9bf322a8165.jpg,No,14084476,Điện Thoại Bàn Panasonic KX-TS500MX - Hàng Chính Hãng,259000,40,86,12,No,No,No
216,https://tiki.vn/may-tinh-bang-vankyo-matrixpad-z4-hang-chinh-hang-p72042234.html?src=ss-organic,https://salt.tikicdn.com/cache/280x280/ts/product/f6/df/81/57b93d3a68359e0bf22b2fec98c5857c.jpg,No,72042234,Máy tính bảng Vankyo MatrixPad Z4 - Hàng Chính Hãng,2790000,39,70,2,No,No,No
217,https://tiki.vn/dien-thoai-samsung-galaxy-note-10-plus-256gb-12gb-hang-chinh-hang-da-kich-hoat-bao-hanh-dien-tu-p29454689.html?src=ss-organic,https://salt.tikicdn.com/cache/280x280/ts/product/b3/7a/1f/35b6639457729f1d551884fa33441228.jpg,No,29454689,Điện Thoại Samsung Galaxy Note 10 Plus (256GB/12GB) - Hàng Chính Hãng - Đã Kích Hoạt Bảo Hành Điện Tử,15150000,44,92,7,No,Yes,No
218,https://tiki.vn/dien-thoai-oukitel-k12-ram-6gb-rom-64gb-pin-10-000-mah-hang-nhap-khau-p21466087.html?src=ss-organic,https://salt.tikicdn.com/ts/upload/f3/74/46/f4c52053d220e94a047410420eaf9faf.png,Yes,21466087,"Điện Thoại Oukitel K12 (RAM 6Gb/ROM 64GB,PIN 10.000 mAh) - Hàng nhập khẩu",5990000,25,70,2,No,No,No
219,https://tiki.vn/may-doc-sach-kindle-gen-10-2019-hang-nhap-khau-mau-trang-p44106461.html?src=ss-organic,https://salt.tikicdn.com/ts/upload/f3/74/46/f4c52053d220e94a047410420eaf9faf.png,Yes,44106461,Máy Đọc Sách Kindle Gen 10 (2019) - Hàng Nhập Khẩu - Màu Trắng,2450000,21,0,0,No,No,No
220,https://tiki.vn/nokia-110-dual-sim-2019-xanh-hang-chinh-hang-p35532358.html?src=ss-organic,https://salt.tikicdn.com/cache/280x280/ts/product/75/fd/2c/e408bf22be7c76a78a33a26afa4eb96c.png,No,35532358,Nokia 110 Dual Sim (2019) - Xanh - Hàng chính hãng,449000,4,0,0,No,No,No
221,https://tiki.vn/dien-thoai-di-dong-gsm-vtel-a1-hang-chinh-hang-p40343230.html?src=ss-organic,https://salt.tikicdn.com/cache/280x280/ts/product/a6/2c/44/700172612172003e3c07a49359c169b6.png,No,40343230,Điện thoại di động GSM Vtel A1 - Hàng chính hãng,159000,21,76,16,No,No,No
222,https://tiki.vn/dien-thoai-suntek-a1-4gb-hang-chinh-hang-p14568998.html?src=ss-organic,https://salt.tikicdn.com/cache/280x280/ts/product/45/9e/58/540f5741e2557eb9ac37f49b1a065b9a.jpg,No,14568998,Điện Thoại Suntek A1 4GB - Hàng Chính Hãng,3290000,23,0,0,No,Yes,No
223,https://tiki.vn/dien-thoai-tre-em-mkids-hang-chinh-hang-cua-viettel-p1985993.html?src=ss-organic,https://salt.tikicdn.com/cache/280x280/ts/product/98/9d/6a/664ae40c42aa90c21512031f8da85fef.png,No,1985993,Điện thoại trẻ em MKIDS - Hàng chính hãng của Viettel,400000,43,70,31,No,No,No
224,https://tiki.vn/may-doc-sach-onyx-boox-poke-2-color-hang-chinh-hang-p76798277.html?src=ss-organic,https://salt.tikicdn.com/ts/upload/f3/74/46/f4c52053d220e94a047410420eaf9faf.png,Yes,76798277,Máy đọc sách Onyx Boox Poke 2 Color - Hàng chính hãng,6890000,14,100,1,No,No,No
225,https://tiki.vn/dien-thoai-ban-panasonic-kx-t7700x-hang-chinh-hang-p30191778.html?src=ss-organic,https://salt.tikicdn.com/cache/280x280/ts/product/da/39/55/a2eed17459b10b0511d660e14263cd41.jpg,No,30191778,Điện Thoại Bàn Panasonic KX-T7700X - Hàng Chính Hãng,214000,33,86,3,Yes,No,No
226,https://tiki.vn/dien-thoai-vtel-happy-h11-dien-thoai-cho-nguoi-gia-2-sim-goi-sos-khan-so-to-chu-to-loa-to-fm-loa-ngoai-pin-lon-thiet-ke-dep-hang-chinh-hang-p74911967.html?src=ss-organic,https://salt.tikicdn.com/cache/280x280/ts/product/55/7b/9f/705f0861e479a3dcf9a44e6e1642c142.png,No,74911967,"Điện thoại Vtel Happy H11 (Điện thoại cho người già - 2 Sim) - Gọi SOS khẩn,  Số To, Chữ To, Loa to, FM loa ngoài, Pin lớn, Thiết Kế Đẹp - Hàng Chính Hãng",299000,25,96,6,No,No,No
227,https://tiki.vn/may-tinh-bang-vankyo-matrixpad-s8-hang-chinh-hang-p72042703.html?src=ss-organic,https://salt.tikicdn.com/cache/280x280/ts/product/23/29/ba/c3dc2dc37744e5fb366c5c1daa5f346a.png,No,72042703,Máy tính bảng VANKYO MatrixPad S8 - Hàng Chính Hãng,2190000,45,0,0,No,No,No
228,https://tiki.vn/may-doc-sach-kindle-gen-10-2019-4gb-hang-nhap-khau-p28623307.html?src=ss-organic,https://salt.tikicdn.com/cache/280x280/ts/product/11/03/ca/2af2ea0d7bc77094025669a7ce966003.jpg,No,28623307,Máy Đọc Sách Kindle Gen 10 - 2019 (4GB) - Hàng Nhập Khẩu,2199000,29,92,21,No,No,No
229,https://tiki.vn/dien-thoai-coolpad-f110-hang-chinh-hang-p21129624.html?src=ss-organic,https://salt.tikicdn.com/cache/280x280/ts/product/32/6d/d8/1fe01cb788b24fa9de91c171cd39863c.jpg,No,21129624,Điện Thoại Coolpad F110 - Hàng Chính Hãng,169000,11,80,1,No,No,No
230,https://tiki.vn/dien-thoai-samsung-e1200-hang-chinh-hang-p3729945.html?src=ss-organic,https://salt.tikicdn.com/ts/upload/f3/74/46/f4c52053d220e94a047410420eaf9faf.png,Yes,3729945,Điện thoại Samsung E1200 - Hàng Chính Hãng ,345000,1,94,34,No,No,No
231,https://tiki.vn/dien-thoai-mobell-rock-3-hang-chinh-hang-p10766617.html?src=ss-organic,https://salt.tikicdn.com/cache/280x280/ts/product/d6/e2/d9/c5a4e5fe51d238b9ba54290eb03f6fd5.jpg,No,10766617,Điện Thoại Mobell ROCK 3 - Hàng Chính Hãng,489000,29,94,11,Yes,No,No
232,https://tiki.vn/dien-thoai-di-dong-gsm-vtel-a2-mau-vang-hang-chinh-hang-p73102935.html?src=ss-organic,https://salt.tikicdn.com/cache/280x280/ts/product/0c/84/fb/9260d423a5aecf6ffd43b734ce0af15b.png,No,73102935,Điện thoại di động GSM Vtel A2 (Màu Vàng) – Hàng chính hãng,189000,24,96,5,No,No,No
233,https://tiki.vn/may-doc-sach-kindle-for-kids-201-p54802325.html?src=ss-organic,https://salt.tikicdn.com/cache/280x280/ts/product/eb/fb/8c/764fe79326136ff299c52dd0312e5ed8.JPG,No,54802325,Máy đọc sách Kindle for kids - 2019,2699000,10,0,0,No,No,No
234,https://tiki.vn/dien-thoai-ban-khong-day-lap-sim-homephone-hp1002c-p11802138.html?src=ss-organic,https://salt.tikicdn.com/cache/280x280/ts/product/7e/2c/41/e400dd89007c28f526f0cb336f7e1453.png,No,11802138,Điện thoại bàn Không Dây Lắp Sim Homephone Hp1002c,848000,14,78,7,No,No,No
235,https://tiki.vn/dien-thoai-ban-panasonic-kx-tgb110-den-hang-chinh-hang-p4048605.html?src=ss-organic,https://salt.tikicdn.com/cache/280x280/ts/product/28/d0/4f/f307b473d3b46f9f03efc8062d11713c.jpg,No,4048605,Điện Thoại Bàn Panasonic KX-TGB110 (Đen) - Hàng Chính Hãng,759000,0,96,4,No,No,No
236,https://tiki.vn/dien-thoai-masstel-play-50-hang-chinh-hang-p73271125.html?src=ss-organic,https://salt.tikicdn.com/cache/280x280/ts/product/e1/e5/95/d33ab4fdd02786c2ab159ab98e33862d.jpg,No,73271125,Điện thoại Masstel Play 50 - Hàng Chính Hãng,459000,8,80,2,No,No,No
237,https://tiki.vn/dien-thoai-co-dinh-khong-day-cho-nguoi-gia-man-hinh-hien-thi-dau-so-hang-chinh-hang-p42333095.html?src=ss-organic,https://salt.tikicdn.com/ts/upload/f3/74/46/f4c52053d220e94a047410420eaf9faf.png,Yes,42333095,"Điện thoại cố định không dây cho người già, màn hình hiển thị đầu số - Hàng chính hãng",440000,48,90,6,No,No,No
238,https://tiki.vn/ipad-10-2-inch-wifi-cellular-32gb-gen-8-new-2020-hang-chinh-hang-p67724754.html?src=ss-organic,https://salt.tikicdn.com/cache/280x280/ts/product/07/4a/ec/2fac4991c96a094062c42a62bb9a74a5.jpg,No,67724754,iPad 10.2 Inch WiFi + Cellular 32GB (Gen 8) New 2020 - Hàng Chính Hãng,11990000,25,100,11,No,Yes,No
239,https://tiki.vn/dien-thoai-di-dong-forme-gorilla-hang-chinh-hang-p8820501.html?src=ss-organic,https://salt.tikicdn.com/cache/280x280/ts/product/1a/48/6c/37d360cad12ba127fa1eab2d9b863fd9.jpg,No,8820501,Điện Thoại Di Động Forme Gorilla  - Hàng Chính Hãng,299000,17,90,8,No,No,No
240,https://tiki.vn/dien-thoai-ban-khong-day-panasonic-kx-tgc313-hang-chinh-hang-p23142193.html?src=ss-organic,https://salt.tikicdn.com/cache/280x280/ts/product/d4/7e/c9/72e19580d556fa02d030cc6e77d1c6fd.jpg,No,23142193,Điện thoại bàn không dây Panasonic KX-TGC313 - Hàng Chính Hãng,1580000,21,100,1,No,No,No
241,https://tiki.vn/may-doc-sach-kobo-clara-hd-8gb-mau-den-man-hinh-6-inch-co-den-cam-hang-nhap-khau-p72038887.html?src=ss-organic,https://salt.tikicdn.com/cache/280x280/ts/product/c4/30/bc/21a7e6099fe20f600198c288ccf3bc44.jpg,No,72038887,Máy đọc sách Kobo Clara HD - 8GB màu đen - màn hình 6 inch - có đèn cam- Hàng Nhập Khẩu,3245000,35,0,0,No,No,No
242,https://tiki.vn/dien-thoai-di-dong-gsm-vtel-c2-hang-chinh-hang-p40350394.html?src=ss-organic,https://salt.tikicdn.com/cache/280x280/ts/product/73/c1/40/8ff17618f21d326e73e62b51032f398d.png,No,40350394,Điện thoại di động GSM Vtel C2 - Hàng chính hãng,195000,11,96,9,No,No,No
243,https://tiki.vn/may-doc-sach-onyx-boox-note-3-hang-chinh-hang-p76798413.html?src=ss-organic,https://salt.tikicdn.com/ts/upload/f3/74/46/f4c52053d220e94a047410420eaf9faf.png,Yes,76798413,Máy Đọc Sách Onyx Boox Note 3 - Hàng Chính Hãng,13789000,8,0,0,No,No,No
